va_rms,vb_rms,vc_rms,v_avg_rms,voltage_deviation,voltage_imbalance,ia_rms,ib_rms,ic_rms,i_avg_rms,current_deviation,current_imbalance,v1_mag,v2_mag,v0_mag,i1_mag,i2_mag,i0_mag,v2_v1_ratio,v0_v1_ratio,i2_i1_ratio,i0_i1_ratio,phase_imbalance,apparent_impedance_mag,apparent_reactance_x1,line_length_km,fault_type,fault_distance_km,affected_phases,actual_rf_ohm,sample_id
6062.18,6062.18,6062.18,6062.18,0.0,0.0,76.47,76.47,76.47,76.47,1.0,0.0,6062.18,0.0,0.0,76.47,0.0,0.0,0.0,0.0,0.0,0.0,0.0,79.28,0.0,50.0,NORMAL,0.0,None,0.0,NORMAL_0001
6062.18,6062.18,6062.18,6062.18,0.0,0.0,30.39,30.39,30.39,30.39,1.0,0.0,6062.18,0.0,0.0,30.39,0.0,0.0,0.0,0.0,0.0,0.0,0.0,199.48,0.0,30.0,NORMAL,0.0,None,0.0,NORMAL_0002
6639.53,6639.53,6639.53,6639.53,0.0,0.0,72.28,72.28,72.28,72.28,1.0,0.0,6639.53,0.0,0.0,72.28,0.0,0.0,0.0,0.0,0.0,0.0,0.0,91.86,0.0,100.0,NORMAL,0.0,None,0.0,NORMAL_0003
6075.51,6156.53,5952.76,6061.6,1.81,0.0336,79.17,81.81,79.99,80.32,1.02,0.03,6062.18,24.37,0.0,80.33,0.32,0.0,0.004,0.0,0.004,0.0,0.03,75.47,0.0,30.0,NORMAL,0.0,None,0.0,NORMAL_0004
6639.53,6639.53,6639.53,6639.53,0.0,0.0,69.42,69.42,69.42,69.42,1.0,0.0,6639.53,0.0,0.0,69.42,0.0,0.0,0.0,0.0,0.0,0.0,0.0,95.64,0.0,50.0,NORMAL,0.0,None,0.0,NORMAL_0005
18760.99,19396.17,18995.1,19050.75,1.53,0.0333,8.29,8.46,8.57,8.44,1.02,0.03,19052.56,76.58,0.0,8.44,0.03,0.0,0.004,0.0,0.0036,0.0,0.03,2257.41,0.0,75.0,NORMAL,0.0,None,0.0,NORMAL_0006
6350.85,6350.85,6350.85,6350.85,0.0,0.0,50.04,50.04,50.04,50.04,1.0,0.0,6350.85,0.0,0.0,50.04,0.0,0.0,0.0,0.0,0.0,0.0,0.0,126.92,0.0,50.0,NORMAL,0.0,None,0.0,NORMAL_0007
18829.02,19418.17,18905.09,19050.76,1.17,0.0309,5.24,5.41,5.37,5.34,1.01,0.03,19052.56,76.58,0.0,5.34,0.02,0.0,0.004,0.0,0.0037,0.0,0.03,3567.9,0.0,75.0,NORMAL,0.0,None,0.0,NORMAL_0008
6350.85,6350.85,6350.85,6350.85,0.0,0.0,69.61,69.61,69.61,69.61,1.0,0.0,6350.85,0.0,0.0,69.61,0.0,0.0,0.0,0.0,0.0,0.0,0.0,91.23,0.0,100.0,NORMAL,0.0,None,0.0,NORMAL_0009
6062.18,6062.18,6062.18,6062.18,0.0,0.0,88.15,88.15,88.15,88.15,1.0,0.0,6062.18,0.0,0.0,88.15,0.0,0.0,0.0,0.0,0.0,0.0,0.0,68.77,0.0,50.0,NORMAL,0.0,None,0.0,NORMAL_0010
6639.53,6639.53,6639.53,6639.53,0.0,0.0,66.64,66.64,66.64,66.64,1.0,0.0,6639.53,0.0,0.0,66.64,0.0,0.0,0.0,0.0,0.0,0.0,0.0,99.63,0.0,75.0,NORMAL,0.0,None,0.0,NORMAL_0011
6639.53,6639.53,6639.53,6639.53,0.0,0.0,52.91,52.91,52.91,52.91,1.0,0.0,6639.53,0.0,0.0,52.91,0.0,0.0,0.0,0.0,0.0,0.0,0.0,125.49,0.0,75.0,NORMAL,0.0,None,0.0,NORMAL_0012
6092.95,5946.79,6145.06,6061.6,1.9,0.0327,57.29,55.59,55.74,56.21,1.02,0.03,6062.18,24.37,0.0,56.21,0.23,0.0,0.004,0.0,0.0041,0.0,0.03,107.85,0.0,75.0,NORMAL,0.0,None,0.0,NORMAL_0013
6104.18,6136.34,5944.27,6061.6,1.95,0.0317,72.8,74.58,72.22,73.2,1.02,0.03,6062.18,24.37,0.0,73.21,0.29,0.0,0.004,0.0,0.004,0.0,0.03,82.81,0.0,50.0,NORMAL,0.0,None,0.0,NORMAL_0014
6350.85,6350.85,6350.85,6350.85,0.0,0.0,68.77,68.77,68.77,68.77,1.0,0.0,6350.85,0.0,0.0,68.77,0.0,0.0,0.0,0.0,0.0,0.0,0.0,92.35,0.0,75.0,NORMAL,0.0,None,0.0,NORMAL_0015
6350.85,6350.85,6350.85,6350.85,0.0,0.0,12.13,12.13,12.13,12.13,1.0,0.0,6350.85,0.0,0.0,12.13,0.0,0.0,0.0,0.0,0.0,0.0,0.0,523.57,0.0,30.0,NORMAL,0.0,None,0.0,NORMAL_0016
19052.56,19052.56,19052.56,19052.56,0.0,0.0,17.34,17.34,17.34,17.34,1.0,0.0,19052.56,0.0,0.0,17.34,0.0,0.0,0.0,0.0,0.0,0.0,0.0,1098.76,0.0,100.0,NORMAL,0.0,None,0.0,NORMAL_0017
6621.66,6758.49,6536.55,6638.9,1.55,0.0334,39.04,40.36,39.52,39.64,1.02,0.03,6639.53,26.69,0.0,39.65,0.16,0.0,0.004,0.0,0.004,0.0,0.03,167.45,0.0,30.0,NORMAL,0.0,None,0.0,NORMAL_0018
6350.85,6350.85,6350.85,6350.85,0.0,0.0,27.08,27.08,27.08,27.08,1.0,0.0,6350.85,0.0,0.0,27.08,0.0,0.0,0.0,0.0,0.0,0.0,0.0,234.52,0.0,100.0,NORMAL,0.0,None,0.0,NORMAL_0019
6062.18,6062.18,6062.18,6062.18,0.0,0.0,85.48,85.48,85.48,85.48,1.0,0.0,6062.18,0.0,0.0,85.48,0.0,0.0,0.0,0.0,0.0,0.0,0.0,70.92,0.0,50.0,NORMAL,0.0,None,0.0,NORMAL_0020
19052.56,19052.56,19052.56,19052.56,0.0,0.0,30.84,30.84,30.84,30.84,1.0,0.0,19052.56,0.0,0.0,30.84,0.0,0.0,0.0,0.0,0.0,0.0,0.0,617.79,0.0,100.0,NORMAL,0.0,None,0.0,NORMAL_0021
19052.56,19052.56,19052.56,19052.56,0.0,0.0,9.39,9.39,9.39,9.39,1.0,0.0,19052.56,0.0,0.0,9.39,0.0,0.0,0.0,0.0,0.0,0.0,0.0,2029.03,0.0,30.0,NORMAL,0.0,None,0.0,NORMAL_0022
6350.85,6350.85,6350.85,6350.85,0.0,0.0,93.66,93.66,93.66,93.66,1.0,0.0,6350.85,0.0,0.0,93.66,0.0,0.0,0.0,0.0,0.0,0.0,0.0,67.81,0.0,50.0,NORMAL,0.0,None,0.0,NORMAL_0023
6062.18,6062.18,6062.18,6062.18,0.0,0.0,46.13,46.13,46.13,46.13,1.0,0.0,6062.18,0.0,0.0,46.13,0.0,0.0,0.0,0.0,0.0,0.0,0.0,131.42,0.0,75.0,NORMAL,0.0,None,0.0,NORMAL_0024
6685.53,6720.75,6510.39,6638.89,1.95,0.0317,33.3,34.25,33.24,33.6,1.02,0.03,6639.53,26.69,0.0,33.6,0.14,0.0,0.004,0.0,0.0042,0.0,0.03,197.61,0.0,30.0,NORMAL,0.0,None,0.0,NORMAL_0025
6639.53,6639.53,6639.53,6639.53,0.0,0.0,76.13,76.13,76.13,76.13,1.0,0.0,6639.53,0.0,0.0,76.13,0.0,0.0,0.0,0.0,0.0,0.0,0.0,87.21,0.0,50.0,NORMAL,0.0,None,0.0,NORMAL_0026
6034.14,5976.04,6174.63,6061.6,1.42,0.0328,96.64,93.43,95.2,95.09,1.02,0.03,6062.18,24.37,0.0,95.1,0.38,0.0,0.004,0.0,0.004,0.0,0.03,63.75,0.0,50.0,NORMAL,0.0,None,0.0,NORMAL_0027
6276.34,6472.72,6301.7,6350.25,1.17,0.0309,26.71,27.52,27.51,27.25,1.01,0.03,6350.85,25.53,0.0,27.25,0.11,0.0,0.004,0.0,0.004,0.0,0.03,233.06,0.0,75.0,NORMAL,0.0,None,0.0,NORMAL_0028
6639.53,6639.53,6639.53,6639.53,0.0,0.0,11.21,11.21,11.21,11.21,1.0,0.0,6639.53,0.0,0.0,11.21,0.0,0.0,0.0,0.0,0.0,0.0,0.0,592.29,0.0,75.0,NORMAL,0.0,None,0.0,NORMAL_0029
6350.85,6350.85,6350.85,6350.85,0.0,0.0,76.04,76.04,76.04,76.04,1.0,0.0,6350.85,0.0,0.0,76.04,0.0,0.0,0.0,0.0,0.0,0.0,0.0,83.52,0.0,50.0,NORMAL,0.0,None,0.0,NORMAL_0030
6350.85,6350.85,6350.85,6350.85,0.0,0.0,65.65,65.65,65.65,65.65,1.0,0.0,6350.85,0.0,0.0,65.65,0.0,0.0,0.0,0.0,0.0,0.0,0.0,96.74,0.0,100.0,NORMAL,0.0,None,0.0,NORMAL_0031
19052.56,19052.56,19052.56,19052.56,0.0,0.0,8.07,8.07,8.07,8.07,1.0,0.0,19052.56,0.0,0.0,8.07,0.0,0.0,0.0,0.0,0.0,0.0,0.0,2360.91,0.0,100.0,NORMAL,0.0,None,0.0,NORMAL_0032
19052.56,19052.56,19052.56,19052.56,0.0,0.0,27.64,27.64,27.64,27.64,1.0,0.0,19052.56,0.0,0.0,27.64,0.0,0.0,0.0,0.0,0.0,0.0,0.0,689.31,0.0,100.0,NORMAL,0.0,None,0.0,NORMAL_0033
19234.82,18677.2,19240.16,19050.73,1.97,0.0296,12.37,12.07,11.99,12.14,1.02,0.03,19052.56,76.58,0.0,12.14,0.05,0.0,0.004,0.0,0.0041,0.0,0.03,1569.4,0.0,75.0,NORMAL,0.0,None,0.0,NORMAL_0034
6006.25,5999.32,6179.24,6061.6,1.04,0.0297,25.26,24.7,25.54,25.17,1.01,0.03,6062.18,24.37,0.0,25.17,0.1,0.0,0.004,0.0,0.004,0.0,0.03,240.85,0.0,75.0,NORMAL,0.0,None,0.0,NORMAL_0035
6075.51,6156.53,5952.76,6061.6,1.81,0.0336,89.26,92.33,90.88,90.82,1.02,0.03,6062.18,24.37,0.0,90.83,0.37,0.0,0.004,0.0,0.0041,0.0,0.03,66.74,0.0,30.0,NORMAL,0.0,None,0.0,NORMAL_0036
6333.76,6464.64,6252.35,6350.25,1.55,0.0334,41.77,43.17,42.2,42.38,1.02,0.03,6350.85,25.53,0.0,42.38,0.17,0.0,0.004,0.0,0.004,0.0,0.03,149.85,0.0,75.0,NORMAL,0.0,None,0.0,NORMAL_0037
18697.23,19125.12,19329.85,19050.73,1.86,0.0332,14.96,14.75,15.25,14.99,1.02,0.03,19052.56,76.58,0.0,14.99,0.06,0.0,0.004,0.0,0.004,0.0,0.03,1271.02,0.0,50.0,NORMAL,0.0,None,0.0,NORMAL_0038
6755.02,6630.31,6531.37,6638.9,1.63,0.0337,57.06,58.29,56.39,57.25,1.02,0.03,6639.53,26.69,0.0,57.25,0.23,0.0,0.004,0.0,0.004,0.0,0.03,115.97,0.0,75.0,NORMAL,0.0,None,0.0,NORMAL_0039
6468.07,6259.17,6323.51,6350.25,1.44,0.0329,69.73,68.29,67.44,68.49,1.02,0.03,6350.85,25.53,0.0,68.49,0.28,0.0,0.004,0.0,0.0041,0.0,0.03,92.73,0.0,50.0,NORMAL,0.0,None,0.0,NORMAL_0040
6639.53,6639.53,6639.53,6639.53,0.0,0.0,76.25,76.25,76.25,76.25,1.0,0.0,6639.53,0.0,0.0,76.25,0.0,0.0,0.0,0.0,0.0,0.0,0.0,87.08,0.0,30.0,NORMAL,0.0,None,0.0,NORMAL_0041
6276.34,6472.72,6301.7,6350.25,1.17,0.0309,51.83,53.14,53.54,52.84,1.01,0.03,6350.85,25.53,0.0,52.84,0.21,0.0,0.004,0.0,0.004,0.0,0.03,120.19,0.0,30.0,NORMAL,0.0,None,0.0,NORMAL_0042
19052.56,19052.56,19052.56,19052.56,0.0,0.0,17.25,17.25,17.25,17.25,1.0,0.0,19052.56,0.0,0.0,17.25,0.0,0.0,0.0,0.0,0.0,0.0,0.0,1104.5,0.0,30.0,NORMAL,0.0,None,0.0,NORMAL_0043
19318.03,18748.26,19087.07,19051.12,1.6,0.0299,25.79,25.31,25.04,25.38,1.02,0.03,19052.56,76.58,0.0,25.38,0.1,0.0,0.004,0.0,0.0039,0.0,0.03,750.69,0.0,50.0,NORMAL,0.0,None,0.0,NORMAL_0044
19052.56,19052.56,19052.56,19052.56,0.0,0.0,12.0,12.0,12.0,12.0,1.0,0.0,19052.56,0.0,0.0,12.0,0.0,0.0,0.0,0.0,0.0,0.0,0.0,1587.71,0.0,75.0,NORMAL,0.0,None,0.0,NORMAL_0045
19052.56,19052.56,19052.56,19052.56,0.0,0.0,24.15,24.15,24.15,24.15,1.0,0.0,19052.56,0.0,0.0,24.15,0.0,0.0,0.0,0.0,0.0,0.0,0.0,788.93,0.0,100.0,NORMAL,0.0,None,0.0,NORMAL_0046
6075.51,6156.53,5952.76,6061.6,1.81,0.0336,47.41,48.85,47.5,47.92,1.02,0.03,6062.18,24.37,0.0,47.92,0.19,0.0,0.004,0.0,0.004,0.0,0.03,126.51,0.0,75.0,NORMAL,0.0,None,0.0,NORMAL_0047
6246.23,6344.11,6460.41,6350.25,1.65,0.0337,29.47,28.92,29.92,29.44,1.02,0.03,6350.85,25.53,0.0,29.44,0.12,0.0,0.004,0.0,0.0041,0.0,0.03,215.72,0.0,30.0,NORMAL,0.0,None,0.0,NORMAL_0048
5953.58,6157.68,6073.54,6061.6,1.79,0.0337,58.26,59.35,60.27,59.29,1.02,0.03,6062.18,24.37,0.0,59.3,0.24,0.0,0.004,0.0,0.004,0.0,0.03,102.23,0.0,30.0,NORMAL,0.0,None,0.0,NORMAL_0049
6232.41,6375.04,6443.28,6350.24,1.86,0.0332,35.61,35.47,36.57,35.88,1.02,0.03,6350.85,25.53,0.0,35.88,0.14,0.0,0.004,0.0,0.0039,0.0,0.03,177.0,0.0,100.0,NORMAL,0.0,None,0.0,NORMAL_0050
6176.97,6024.58,5983.27,6061.61,1.3,0.032,33.44,33.88,32.76,33.36,1.02,0.03,6062.18,24.37,0.0,33.36,0.13,0.0,0.004,0.0,0.0039,0.0,0.03,181.72,0.0,30.0,NORMAL,0.0,None,0.0,NORMAL_0051
6292.27,6285.01,6473.49,6350.26,1.04,0.0297,64.04,62.23,64.14,63.47,1.01,0.03,6350.85,25.53,0.0,63.48,0.26,0.0,0.004,0.0,0.0041,0.0,0.03,100.04,0.0,50.0,NORMAL,0.0,None,0.0,NORMAL_0052
6062.18,6062.18,6062.18,6062.18,0.0,0.0,97.98,97.98,97.98,97.98,1.0,0.0,6062.18,0.0,0.0,97.98,0.0,0.0,0.0,0.0,0.0,0.0,0.0,61.87,0.0,30.0,NORMAL,0.0,None,0.0,NORMAL_0053
6062.18,6062.18,6062.18,6062.18,0.0,0.0,19.96,19.96,19.96,19.96,1.0,0.0,6062.18,0.0,0.0,19.96,0.0,0.0,0.0,0.0,0.0,0.0,0.0,303.72,0.0,30.0,NORMAL,0.0,None,0.0,NORMAL_0054
6174.07,5974.66,6036.08,6061.6,1.44,0.0329,13.98,13.85,13.53,13.79,1.01,0.03,6062.18,24.37,0.0,13.79,0.06,0.0,0.004,0.0,0.0044,0.0,0.03,439.61,0.0,100.0,NORMAL,0.0,None,0.0,NORMAL_0055
19052.56,19052.56,19052.56,19052.56,0.0,0.0,21.36,21.36,21.36,21.36,1.0,0.0,19052.56,0.0,0.0,21.36,0.0,0.0,0.0,0.0,0.0,0.0,0.0,891.97,0.0,75.0,NORMAL,0.0,None,0.0,NORMAL_0056
6608.83,6545.19,6762.69,6638.9,1.42,0.0328,71.66,69.55,71.62,70.94,1.01,0.03,6639.53,26.69,0.0,70.95,0.29,0.0,0.004,0.0,0.0041,0.0,0.03,93.58,0.0,30.0,NORMAL,0.0,None,0.0,NORMAL_0057
6639.53,6639.53,6639.53,6639.53,0.0,0.0,49.83,49.83,49.83,49.83,1.0,0.0,6639.53,0.0,0.0,49.83,0.0,0.0,0.0,0.0,0.0,0.0,0.0,133.24,0.0,100.0,NORMAL,0.0,None,0.0,NORMAL_0058
6062.18,6062.18,6062.18,6062.18,0.0,0.0,18.85,18.85,18.85,18.85,1.0,0.0,6062.18,0.0,0.0,18.85,0.0,0.0,0.0,0.0,0.0,0.0,0.0,321.6,0.0,100.0,NORMAL,0.0,None,0.0,NORMAL_0059
6104.18,6136.34,5944.27,6061.6,1.95,0.0317,29.4,30.26,29.4,29.69,1.02,0.03,6062.18,24.37,0.0,29.69,0.12,0.0,0.004,0.0,0.004,0.0,0.03,204.18,0.0,75.0,NORMAL,0.0,None,0.0,NORMAL_0060
6673.23,6513.15,6505.71,6564.03,2.02,0.0255,67.75,65.66,464.45,199.29,6.99,2.0,6617.89,149.52,146.45,199.22,133.01,132.92,0.0226,0.0221,0.6677,0.6672,2.0,33.22,75.0,75.0,LG,19.31,Phase C,8.68,LG_0001
6350.85,6587.18,6350.85,6429.63,0.0,0.0368,72.41,190.66,72.41,111.83,2.63,1.06,6496.38,262.89,262.89,108.38,36.72,36.72,0.0405,0.0405,0.3388,0.3388,1.06,59.94,75.0,75.0,LG,69.93,Phase B,10.01,LG_0002
6054.79,6430.13,6392.92,6292.61,4.66,0.0596,276.87,16.66,17.16,103.56,16.44,2.51,6281.88,217.96,194.36,87.7,72.44,72.48,0.0347,0.0309,0.826,0.8265,2.51,71.63,62.1,75.0,LG,50.83,Phase A,1.6,LG_0003
6621.66,6336.73,6536.55,6498.31,4.56,0.0438,47.61,536.02,48.7,210.78,11.05,2.32,6475.93,199.86,197.89,206.34,159.05,158.85,0.0309,0.0306,0.7708,0.7698,2.32,31.38,30.0,30.0,LG,8.32,Phase B,10.35,LG_0004
6062.18,6062.18,5438.03,5854.13,10.3,0.1066,24.51,24.51,909.71,319.58,37.12,2.77,5819.09,375.62,375.62,288.73,264.26,264.26,0.0645,0.0645,0.9152,0.9152,2.77,20.15,75.0,75.0,LG,9.5,Phase C,3.05,LG_0005
6417.51,6342.03,6247.4,6335.65,1.63,0.0268,356.38,48.38,46.78,150.51,7.48,2.06,6427.49,161.01,149.88,151.98,104.96,104.87,0.0251,0.0233,0.6906,0.69,2.06,42.29,31.19,100.0,LG,32.48,Phase A,7.49,LG_0006
6232.41,6263.78,6443.28,6313.16,1.86,0.0334,67.38,497.48,68.58,211.15,7.38,2.04,6383.22,239.37,218.82,198.3,132.04,132.2,0.0375,0.0343,0.6659,0.6667,2.04,32.19,50.0,50.0,LG,27.34,Phase B,1.96,LG_0007
6077.24,6054.63,5519.15,5883.67,8.96,0.0949,37.56,37.57,883.11,319.41,23.54,2.65,5919.89,145.18,145.18,323.62,286.66,286.66,0.0245,0.0245,0.8858,0.8858,2.65,18.29,100.0,100.0,LG,11.41,Phase C,2.88,LG_0008
6253.66,6487.74,6331.7,6357.7,1.53,0.0368,21.59,271.0,22.34,104.98,12.33,2.38,6449.61,165.81,152.93,106.47,84.64,84.6,0.0257,0.0237,0.795,0.7946,2.38,60.58,50.0,50.0,LG,43.38,Phase B,9.94,LG_0009
6688.33,6766.67,6559.88,6671.63,1.2,0.031,162.74,20.39,20.2,67.78,8.09,2.1,6712.01,283.75,257.1,59.67,41.01,41.09,0.0423,0.0383,0.6873,0.6886,2.1,112.49,100.0,100.0,LG,89.84,Phase A,6.06,LG_0010
6461.1,6533.49,6651.55,6548.71,2.69,0.0291,397.7,14.07,13.85,141.87,28.28,2.71,6578.32,55.5,61.22,142.28,128.44,128.39,0.0084,0.0093,0.9027,0.9024,2.71,46.24,27.75,30.0,LG,28.49,Phase A,8.1,LG_0011
17454.07,19125.12,19329.85,18636.35,8.39,0.1007,432.1,8.47,8.75,149.77,50.31,2.83,18543.51,703.64,631.12,129.38,122.4,122.41,0.0379,0.034,0.9461,0.9461,2.83,143.33,100.0,100.0,LG,92.21,Phase A,5.69,LG_0012
6520.58,6919.99,6651.98,6697.52,1.79,0.0596,64.64,191.48,66.81,107.64,2.92,1.18,6803.42,227.55,205.6,106.54,43.07,43.07,0.0334,0.0302,0.4043,0.4043,1.18,63.86,100.0,100.0,LG,78.22,Phase B,6.65,LG_0013
19052.56,14542.01,19052.56,17549.04,23.67,0.257,20.95,1691.29,20.95,577.73,80.73,2.89,17139.23,1945.4,1945.4,513.22,492.46,492.46,0.1135,0.1135,0.9595,0.9595,2.89,33.4,100.0,100.0,LG,9.88,Phase B,6.27,LG_0014
6252.65,6465.39,6331.7,6349.91,1.55,0.0335,162.88,51.56,51.6,88.68,3.19,1.26,6355.1,266.81,242.23,76.44,32.2,32.4,0.042,0.0381,0.4212,0.4239,1.26,83.14,100.0,100.0,LG,84.28,Phase A,5.87,LG_0015
6333.76,6464.64,5722.71,6173.7,9.89,0.1202,53.49,55.33,503.43,204.08,9.25,2.2,6039.25,337.73,312.21,191.75,137.99,138.14,0.0559,0.0517,0.7196,0.7204,2.2,31.5,30.0,30.0,LG,7.57,Phase C,10.11,LG_0016
19184.57,19285.64,17498.03,18656.08,8.16,0.0958,17.67,18.26,440.12,158.68,24.56,2.66,18601.23,652.89,577.96,136.67,121.52,121.54,0.0351,0.0311,0.8891,0.8893,2.66,136.1,100.0,100.0,LG,93.22,Phase C,3.0,LG_0017
6366.63,6342.95,6234.88,6314.82,1.83,0.0209,31.99,31.95,314.27,126.07,9.84,2.24,6354.17,25.16,25.16,126.64,96.32,96.32,0.004,0.004,0.7606,0.7606,2.24,50.18,100.0,100.0,LG,35.59,Phase C,9.47,LG_0018
17913.61,19052.56,19052.56,18672.91,5.98,0.061,859.2,15.64,15.64,296.83,54.93,2.84,18832.7,558.72,558.72,277.44,262.13,262.13,0.0297,0.0297,0.9448,0.9448,2.84,67.88,41.98,75.0,LG,41.0,Phase A,6.57,LG_0019
6276.34,6472.72,5538.59,6095.88,12.79,0.1532,28.29,29.18,700.61,252.69,24.28,2.66,5959.52,413.15,391.33,230.07,201.64,201.64,0.0693,0.0657,0.8764,0.8764,2.66,25.9,30.0,30.0,LG,10.09,Phase C,5.73,LG_0020
6237.08,6584.31,6362.76,6394.72,1.79,0.0543,91.92,204.64,94.94,130.5,2.2,0.86,6497.02,228.92,210.36,130.62,38.06,38.01,0.0352,0.0324,0.2914,0.291,0.86,49.74,75.0,75.0,LG,62.45,Phase B,10.5,LG_0021
6292.27,6285.01,6173.97,6250.42,2.79,0.0189,74.24,72.62,421.98,189.61,5.7,1.84,6260.74,81.67,95.18,188.87,115.34,115.05,0.013,0.0152,0.6107,0.6091,1.84,33.15,30.0,30.0,LG,14.18,Phase C,11.63,LG_0022
6537.92,6876.71,6619.5,6678.04,1.53,0.0507,79.35,200.64,81.98,120.66,2.48,1.01,6750.5,144.14,122.3,115.54,45.27,45.26,0.0214,0.0181,0.3918,0.3917,1.01,58.43,94.29,100.0,LG,83.51,Phase B,0.53,LG_0023
5596.31,6178.51,6015.26,5930.03,7.68,0.0982,476.18,89.54,89.26,218.33,5.38,1.77,5864.39,311.07,292.38,207.71,118.96,119.22,0.053,0.0499,0.5727,0.574,1.77,28.23,15.05,30.0,LG,13.48,Phase A,8.36,LG_0024
6713.92,6495.45,6509.28,6572.88,2.17,0.0332,45.12,237.79,45.15,109.35,5.22,1.76,6574.74,72.67,64.96,107.49,64.48,64.3,0.0111,0.0099,0.5999,0.5982,1.76,61.17,100.0,100.0,LG,55.93,Phase B,9.53,LG_0025
6468.07,6014.77,6323.51,6268.78,5.29,0.0723,89.7,215.91,86.92,130.84,2.44,0.99,6227.05,187.75,174.0,120.04,40.48,40.24,0.0302,0.0279,0.3372,0.3352,0.99,51.87,100.0,100.0,LG,62.41,Phase B,5.57,LG_0026
6057.47,6342.95,6342.95,6247.79,4.62,0.0457,269.8,47.76,47.58,121.71,5.66,1.83,6199.55,208.12,208.12,111.05,68.13,68.13,0.0336,0.0336,0.6135,0.6135,1.83,55.83,54.57,75.0,LG,46.88,Phase A,5.15,LG_0027
19052.56,17641.44,19052.56,18582.19,7.41,0.0759,10.04,584.05,10.04,201.38,58.18,2.85,18608.57,448.96,448.96,202.13,194.14,194.14,0.0241,0.0241,0.9605,0.9605,2.85,92.06,75.0,75.0,LG,70.76,Phase B,3.61,LG_0028
6174.07,5974.66,5942.05,6030.26,1.98,0.0385,76.76,75.29,392.91,181.65,5.21,1.75,6069.09,302.27,278.48,164.09,92.28,92.52,0.0498,0.0459,0.5624,0.5638,1.75,36.99,50.0,50.0,LG,29.82,Phase C,4.29,LG_0029
6350.85,6479.73,6350.85,6393.81,0.0,0.0202,80.42,286.31,80.42,149.05,3.56,1.38,6446.18,119.02,119.02,139.78,69.29,69.29,0.0185,0.0185,0.4957,0.4957,1.38,46.12,75.0,75.0,LG,56.98,Phase B,0.5,LG_0030
19052.56,18064.44,19052.56,18723.19,5.19,0.0528,8.79,791.71,8.79,269.76,90.11,2.9,18926.56,194.01,194.01,269.23,260.73,260.73,0.0103,0.0103,0.9684,0.9684,2.9,70.3,75.0,75.0,LG,39.58,Phase B,10.97,LG_0031
6639.53,6639.53,6414.26,6564.44,3.39,0.0343,50.07,50.07,281.71,127.28,5.63,1.82,6497.96,353.37,353.37,113.54,63.69,63.69,0.0544,0.0544,0.5609,0.5609,1.82,57.23,50.0,50.0,LG,41.21,Phase C,8.72,LG_0032
6146.65,5965.36,6066.48,6059.5,1.6,0.0299,13.85,13.59,279.1,102.18,20.48,2.6,6101.67,305.16,283.73,96.77,83.19,83.21,0.05,0.0465,0.8597,0.8599,2.6,63.05,100.0,100.0,LG,38.17,Phase C,9.01,LG_0033
6062.18,6062.18,6113.66,6079.34,0.0,0.0085,50.05,50.05,208.78,102.96,4.17,1.54,6093.88,208.6,208.6,90.27,44.91,44.91,0.0342,0.0342,0.4975,0.4975,1.54,67.51,75.0,75.0,LG,65.53,Phase C,2.73,LG_0034
19099.89,18245.35,19028.85,18791.36,4.24,0.0455,7.1,606.38,7.07,206.85,85.54,2.9,18878.14,471.52,471.52,178.13,172.31,172.31,0.025,0.025,0.9673,0.9673,2.9,105.98,75.0,75.0,LG,70.98,Phase B,1.48,LG_0035
6755.02,6377.81,6531.37,6554.73,3.94,0.0575,53.48,208.83,52.2,104.84,3.92,1.49,6516.52,141.38,130.07,98.29,52.0,51.83,0.0217,0.02,0.529,0.5273,1.49,66.3,100.0,100.0,LG,63.94,Phase B,10.02,LG_0036
6639.53,5943.46,6639.53,6407.51,10.48,0.1086,41.33,569.75,41.33,217.47,13.78,2.43,6278.9,360.97,360.97,203.85,162.82,162.82,0.0575,0.0575,0.7987,0.7987,2.43,30.8,75.0,75.0,LG,10.46,Phase B,8.26,LG_0037
14530.19,18777.51,18970.54,17426.08,23.74,0.2548,2110.71,9.63,9.37,709.9,220.87,2.96,17640.45,1419.14,1459.14,727.03,717.79,717.76,0.0804,0.0827,0.9873,0.9872,2.96,24.26,12.39,100.0,LG,13.25,Phase A,2.62,LG_0038
6366.63,6342.95,6162.39,6290.66,2.97,0.0325,77.32,77.37,349.23,167.97,4.52,1.62,6317.64,36.31,36.31,169.06,92.04,92.04,0.0057,0.0057,0.5444,0.5444,1.62,37.37,50.0,50.0,LG,28.89,Phase C,9.78,LG_0039
6132.35,6639.53,6639.53,6470.47,7.64,0.0784,525.37,84.56,84.56,231.5,6.21,1.9,6402.13,264.79,264.79,225.81,142.32,142.32,0.0414,0.0414,0.6303,0.6303,1.9,28.35,7.82,50.0,LG,7.45,Phase A,10.41,LG_0040
6639.53,6639.53,6479.67,6586.24,2.41,0.0243,26.5,26.5,234.85,95.95,8.86,2.17,6532.95,331.07,331.07,84.08,57.85,57.85,0.0507,0.0507,0.688,0.688,2.17,77.7,100.0,100.0,LG,52.35,Phase C,8.97,LG_0041
6174.07,5974.66,5821.08,5989.94,3.98,0.0589,50.8,49.77,349.87,150.15,7.01,2.0,5968.27,279.19,259.02,142.53,92.6,92.7,0.0468,0.0434,0.6497,0.6504,2.0,41.87,30.0,30.0,LG,21.14,Phase C,10.91,LG_0042
5969.41,6171.51,5557.93,5899.62,8.32,0.104,81.31,83.06,403.15,189.17,4.87,1.7,5779.44,303.49,284.5,179.1,96.4,96.31,0.0525,0.0492,0.5382,0.5377,1.7,32.27,30.0,30.0,LG,14.74,Phase C,10.93,LG_0043
6062.18,6086.13,6062.18,6070.16,0.0,0.0039,34.25,367.0,34.25,145.17,10.71,2.29,6119.9,235.33,235.33,140.54,106.63,106.63,0.0385,0.0385,0.7587,0.7587,2.29,43.55,75.0,75.0,LG,29.46,Phase B,7.21,LG_0044
6062.18,6048.81,6062.18,6057.72,0.22,0.0022,44.74,352.24,44.74,147.24,7.87,2.09,6120.65,76.43,76.43,146.73,106.27,106.27,0.0125,0.0125,0.7243,0.7243,2.09,41.71,100.0,100.0,LG,35.5,Phase B,5.5,LG_0045
6621.66,6758.49,5948.34,6442.83,10.41,0.1257,78.7,81.4,492.6,217.57,6.15,1.9,6284.34,382.66,356.19,202.7,122.53,122.73,0.0609,0.0567,0.6045,0.6055,1.9,31.0,90.98,100.0,LG,11.04,Phase C,10.0,LG_0046
6350.85,6511.77,6350.85,6404.49,0.0,0.0251,57.14,290.8,57.14,135.03,5.09,1.73,6483.61,176.21,176.21,132.27,78.05,78.05,0.0272,0.0272,0.5901,0.5901,1.73,49.02,75.0,75.0,LG,48.98,Phase B,4.99,LG_0047
5944.6,6137.85,5445.02,5842.49,10.18,0.1186,62.46,62.72,695.43,273.54,11.0,2.31,5767.5,315.89,303.63,261.52,198.52,198.33,0.0548,0.0526,0.7591,0.7584,2.31,22.05,50.0,50.0,LG,9.46,Phase C,5.84,LG_0048
6120.17,5456.94,6121.87,5899.66,9.98,0.1127,57.55,433.76,56.2,182.5,7.68,2.07,5771.29,387.4,363.04,163.2,107.07,107.28,0.0671,0.0629,0.6561,0.6574,2.07,35.36,30.0,30.0,LG,17.94,Phase B,7.93,LG_0049
6640.09,6693.47,6509.28,6614.28,1.96,0.0278,453.23,40.61,39.49,177.78,11.38,2.33,6708.76,240.55,223.44,175.51,135.81,135.83,0.0359,0.0333,0.7738,0.7739,2.33,38.22,27.65,50.0,LG,27.98,Phase A,4.87,LG_0050
6232.24,6449.7,6236.22,6306.05,1.87,0.0345,485.58,46.79,45.95,192.77,10.56,2.28,6368.49,288.6,268.18,182.76,137.02,137.11,0.0453,0.0421,0.7497,0.7502,2.28,34.85,26.03,75.0,LG,24.79,Phase A,3.96,LG_0051
6065.15,6342.95,6342.95,6250.35,4.5,0.0444,259.95,67.26,67.0,131.4,3.87,1.47,6202.01,206.04,206.04,120.67,59.59,59.59,0.0332,0.0332,0.4938,0.4938,1.47,51.4,56.7,100.0,LG,48.71,Phase A,5.36,LG_0052
17007.19,19052.56,19052.56,18370.77,10.74,0.1113,729.68,11.02,11.02,250.57,66.21,2.87,18335.26,717.39,717.39,244.32,235.75,235.75,0.0391,0.0391,0.9649,0.9649,2.87,75.05,54.39,100.0,LG,52.42,Phase A,3.77,LG_0053
6057.18,6472.47,6274.67,6268.11,4.62,0.0663,568.52,83.18,82.24,244.65,6.94,1.99,6301.33,282.82,259.37,215.85,140.28,140.58,0.0449,0.0412,0.6499,0.6513,1.99,29.19,26.5,75.0,LG,23.29,Phase A,1.53,LG_0054
6333.76,5965.97,6252.35,6184.03,6.06,0.0595,16.34,663.82,16.54,232.23,40.01,2.79,6203.47,140.21,149.04,231.44,215.4,215.33,0.0226,0.024,0.9307,0.9304,2.79,26.8,30.0,30.0,LG,13.28,Phase B,5.57,LG_0055
18711.24,17260.28,19088.28,18353.27,9.41,0.0996,11.53,1150.82,11.92,391.42,98.26,2.91,18471.04,575.15,644.2,392.63,380.98,380.95,0.0311,0.0349,0.9703,0.9703,2.91,47.04,75.0,75.0,LG,15.35,Phase B,11.38,LG_0056
14312.35,19052.56,19052.56,17472.49,24.88,0.2713,1882.48,10.17,10.17,634.27,185.06,2.95,17320.37,1751.77,1751.77,546.41,536.46,536.46,0.1011,0.1011,0.9818,0.9818,2.95,31.7,14.79,30.0,LG,12.19,Phase A,3.79,LG_0057
6062.18,6062.18,5701.59,5941.98,5.95,0.0607,88.91,88.91,906.39,361.4,10.19,2.26,6009.59,127.98,127.98,361.26,274.63,274.63,0.0213,0.0213,0.7602,0.7602,2.26,16.64,50.0,50.0,LG,13.13,Phase C,1.84,LG_0058
6468.07,5989.18,6323.51,6260.25,5.69,0.0765,48.35,186.54,46.76,93.88,3.92,1.49,6186.07,236.02,221.53,83.93,41.06,40.99,0.0382,0.0358,0.4892,0.4884,1.49,73.71,100.0,100.0,LG,66.3,Phase B,10.6,LG_0059
6639.53,6837.05,6639.53,6705.37,0.0,0.0295,44.53,252.21,44.53,113.76,5.66,1.83,6789.96,196.34,196.34,112.14,69.18,69.18,0.0289,0.0289,0.6169,0.6169,1.83,60.55,75.0,75.0,LG,57.5,Phase B,7.14,LG_0060
6173.18,6236.6,6062.18,6157.32,0.0,0.0283,600.57,600.57,44.31,415.15,13.55,1.34,6272.93,234.38,0.0,362.81,333.89,14.77,0.0374,0.0,0.9203,0.0407,1.34,17.29,8.55,30.0,LL,18.11,A-B,6.13,LL_0001
17890.71,18384.58,19052.56,18442.62,6.1,0.063,742.52,742.52,12.41,499.15,59.82,1.46,18507.33,886.89,0.0,368.59,361.01,4.14,0.0479,0.0,0.9794,0.0112,1.46,50.21,26.45,50.0,LL,45.6,A-B,5.46,LL_0002
6350.85,6475.39,6438.9,6421.71,0.0,0.0194,31.64,250.64,250.64,177.64,7.92,1.23,6497.32,150.11,0.0,157.3,138.69,10.55,0.0231,0.0,0.8817,0.0671,1.23,41.31,4.45,100.0,LL,52.17,B-C,7.36,LL_0003
6534.29,6639.53,6263.06,6478.96,5.67,0.0581,837.85,68.62,837.85,581.44,12.21,1.32,6323.35,502.88,0.0,440.67,395.73,22.87,0.0795,0.0,0.898,0.0519,1.32,14.35,20.94,30.0,LL,10.4,C-A,6.74,LL_0004
6379.19,6135.7,6323.51,6279.47,3.39,0.0388,454.92,454.92,17.53,309.12,25.49,1.41,6260.92,102.39,0.0,262.07,251.61,5.82,0.0164,0.0,0.9601,0.0222,1.41,23.89,12.45,75.0,LL,24.69,A-B,7.91,LL_0005
6375.7,6520.01,6762.69,6552.8,3.97,0.0591,344.93,344.93,61.5,250.45,5.63,1.13,6442.24,392.46,0.0,187.69,149.56,20.49,0.0609,0.0,0.7968,0.1092,1.13,34.32,20.16,50.0,LL,32.66,A-B,9.96,LL_0006
17972.42,15990.95,18804.57,17589.31,16.07,0.16,1439.21,1439.21,4.54,960.99,311.1,1.49,17669.13,1649.79,0.0,836.25,833.33,1.54,0.0934,0.0,0.9965,0.0018,1.49,21.13,8.68,50.0,LL,17.88,A-B,9.22,LL_0007
6428.23,6407.92,6639.53,6491.89,3.49,0.0357,504.13,504.13,49.01,352.42,10.29,1.29,6394.67,245.75,0.0,294.22,263.42,16.34,0.0384,0.0,0.8953,0.0555,1.29,21.73,10.44,30.0,LL,19.37,A-B,10.53,LL_0008
6350.85,6286.21,6288.58,6308.55,1.02,0.0102,73.98,258.58,258.58,197.05,3.5,0.94,6302.77,48.7,0.0,169.47,128.16,24.66,0.0077,0.0,0.7562,0.1455,0.94,37.19,16.05,75.0,LL,49.4,B-C,2.93,LL_0009
6350.85,6476.51,6638.83,6488.73,0.0,0.0444,34.32,161.27,161.27,118.95,4.7,1.07,6552.51,266.41,0.0,92.57,73.22,11.44,0.0407,0.0,0.791,0.1236,1.07,70.78,11.1,100.0,LL,86.36,B-C,2.41,LL_0010
6713.92,6517.98,6414.89,6548.93,3.38,0.0457,49.25,305.24,305.24,219.91,6.15,1.16,6465.54,235.51,0.0,174.62,145.77,16.57,0.0364,0.0,0.8348,0.0949,1.16,37.03,5.46,50.0,LL,39.26,B-C,9.63,LL_0011
6656.02,6609.26,6661.03,6642.1,0.46,0.0078,64.48,830.34,830.34,575.05,12.9,1.33,6701.02,161.87,0.0,498.81,455.89,21.46,0.0242,0.0,0.914,0.043,1.33,13.43,0.1,30.0,LL,9.2,B-C,9.18,LL_0012
6062.18,6066.36,5995.4,6041.31,1.1,0.0117,74.36,815.65,815.65,568.55,10.97,1.3,6102.11,54.13,0.0,501.08,457.27,24.79,0.0089,0.0,0.9126,0.0495,1.3,12.18,0.1,30.0,LL,12.7,B-C,4.82,LL_0013
6343.08,6558.6,6350.85,6417.51,0.12,0.0336,228.71,228.71,39.56,165.66,5.78,1.14,6442.05,247.66,0.0,123.8,99.5,13.19,0.0384,0.0,0.8037,0.1065,1.14,52.04,33.0,75.0,LL,57.17,A-B,1.74,LL_0014
19184.57,17759.7,14292.33,17078.87,24.98,0.2864,18.56,1900.72,1900.72,1273.33,101.69,1.48,16409.42,3012.46,0.0,997.2,985.64,6.24,0.1836,0.0,0.9884,0.0063,1.48,16.46,0.1,30.0,LL,8.41,B-C,10.04,LL_0015
5846.44,6157.68,5829.88,5944.67,3.83,0.0551,441.58,34.03,441.58,305.73,12.91,1.33,5796.01,371.66,0.0,231.35,209.23,11.42,0.0641,0.0,0.9044,0.0494,1.33,25.05,34.47,50.0,LL,21.39,C-A,9.55,LL_0016
6084.22,6062.18,5853.06,5999.82,3.45,0.0385,600.2,73.89,600.2,424.76,8.12,1.24,5964.04,292.6,0.0,318.16,273.34,24.63,0.0491,0.0,0.8591,0.0774,1.24,18.75,26.46,30.0,LL,18.1,C-A,2.96,LL_0017
6614.35,6639.53,6665.13,6639.67,0.38,0.0076,887.43,81.93,887.43,618.93,10.83,1.3,6734.18,95.04,0.0,545.03,491.73,26.77,0.0141,0.0,0.9022,0.0491,1.3,12.36,16.63,30.0,LL,12.04,C-A,5.69,LL_0018
6006.25,6043.88,6408.36,6152.83,0.92,0.0654,79.95,451.61,451.61,327.72,5.71,1.13,6280.79,394.82,0.0,281.38,228.96,26.36,0.0629,0.0,0.8137,0.0937,1.13,22.32,0.1,30.0,LL,22.33,B-C,8.85,LL_0019
6159.1,6421.82,6460.41,6347.11,3.02,0.0475,328.66,328.66,90.25,249.19,3.7,0.96,6356.25,230.8,0.0,184.19,135.27,29.71,0.0363,0.0,0.7344,0.1613,0.96,34.51,23.51,50.0,LL,39.02,A-B,0.85,LL_0020
6072.22,6038.26,6062.18,6057.55,0.39,0.0056,283.05,283.05,87.74,217.95,3.23,0.9,6083.42,32.63,0.0,192.65,138.37,29.25,0.0054,0.0,0.7182,0.1518,0.9,31.58,18.83,75.0,LL,38.54,A-B,11.87,LL_0021
6520.58,6766.46,6636.56,6641.2,1.79,0.037,81.09,499.66,499.66,360.14,6.08,1.16,6730.12,108.76,0.0,320.62,266.85,27.28,0.0162,0.0,0.8323,0.0851,1.16,20.99,0.1,75.0,LL,22.19,B-C,9.61,LL_0022
6941.19,6639.53,6839.95,6806.89,0.0,0.0443,237.37,48.49,237.37,174.41,4.9,1.08,6928.06,313.34,0.0,149.53,119.45,16.16,0.0452,0.0,0.7988,0.1081,1.08,46.33,68.63,75.0,LL,57.83,C-A,8.75,LL_0023
6520.58,6790.83,6664.02,6658.48,1.79,0.0406,19.42,496.1,496.1,337.21,25.16,1.41,6767.12,146.11,0.0,300.66,288.25,6.55,0.0216,0.0,0.9587,0.0218,1.41,22.51,0.1,75.0,LL,24.44,B-C,7.27,LL_0024
5819.13,5738.14,6179.24,5912.17,5.35,0.0746,1080.9,1080.9,64.1,741.97,17.02,1.37,5712.38,384.04,0.0,598.12,556.56,21.25,0.0672,0.0,0.9305,0.0355,1.37,9.55,2.01,30.0,LL,3.53,A-B,7.69,LL_0025
5762.75,6062.18,5780.53,5868.49,4.94,0.051,1370.95,79.45,1370.95,940.45,17.26,1.37,5845.64,217.11,0.0,787.66,747.92,26.48,0.0371,0.0,0.9495,0.0336,1.37,7.42,8.31,100.0,LL,8.13,C-A,0.9,LL_0026
6172.94,6062.18,6192.73,6142.62,0.0,0.0213,403.13,63.2,403.13,289.82,6.38,1.17,6212.27,150.91,0.0,247.38,215.78,21.07,0.0243,0.0,0.8723,0.0852,1.17,25.11,34.57,75.0,LL,33.72,C-A,1.01,LL_0027
6939.25,6639.53,6732.9,6770.56,0.0,0.0443,518.5,90.46,518.5,375.82,5.73,1.14,6878.17,348.92,0.0,310.57,251.09,30.15,0.0507,0.0,0.8085,0.0971,1.14,22.15,31.96,50.0,LL,24.96,C-A,4.71,LL_0028
19052.56,16568.29,16581.63,17400.83,13.04,0.1428,31.03,1315.83,1315.83,887.56,42.4,1.45,17298.8,1771.01,0.0,677.8,660.6,10.34,0.1024,0.0,0.9746,0.0153,1.45,25.52,1.82,100.0,LL,23.02,B-C,1.72,LL_0029
6015.96,5896.02,6121.87,6011.28,2.74,0.0376,182.03,182.03,64.4,142.82,2.81,0.82,5965.6,141.03,0.0,115.36,82.05,21.63,0.0236,0.0,0.7113,0.1875,0.82,51.71,34.59,75.0,LL,63.91,A-B,10.23,LL_0030
6444.53,6639.53,6271.73,6451.93,5.54,0.057,748.67,21.64,748.67,506.33,34.59,1.44,6307.81,419.09,0.0,387.04,373.06,7.21,0.0664,0.0,0.9639,0.0186,1.44,16.3,21.24,50.0,LL,13.15,C-A,5.98,LL_0031
6280.82,6350.85,6218.97,6283.55,2.08,0.021,225.03,17.42,225.03,155.83,12.91,1.33,6242.25,133.39,0.0,129.28,119.45,5.81,0.0214,0.0,0.924,0.0449,1.33,48.28,58.84,100.0,LL,52.31,C-A,9.25,LL_0032
6174.07,5833.95,6146.17,6051.4,3.76,0.0562,51.2,257.66,257.66,188.84,5.11,1.09,6014.97,377.15,0.0,137.09,106.21,16.88,0.0627,0.0,0.7747,0.1231,1.09,43.88,4.36,50.0,LL,42.01,B-C,9.39,LL_0033
6020.95,6326.98,6062.18,6136.7,0.68,0.0499,551.0,551.0,56.77,386.26,9.71,1.28,6182.32,409.96,0.0,315.63,277.8,18.92,0.0663,0.0,0.8801,0.0599,1.28,19.59,8.98,50.0,LL,17.02,A-B,8.54,LL_0034
6910.11,6639.53,6798.88,6782.84,0.0,0.0399,417.39,58.31,417.39,297.7,7.16,1.21,6912.94,310.42,0.0,256.98,220.12,19.44,0.0449,0.0,0.8566,0.0756,1.21,26.9,37.9,50.0,LL,30.63,C-A,7.41,LL_0035
6350.42,6350.85,6200.6,6300.62,2.37,0.0238,196.87,61.06,196.87,151.6,3.22,0.9,6259.91,191.9,0.0,119.41,88.44,20.35,0.0307,0.0,0.7406,0.1704,0.9,52.42,75.0,75.0,LL,60.62,C-A,6.81,LL_0036
6438.37,6809.37,6639.53,6629.09,3.03,0.056,660.17,660.17,69.72,463.35,9.47,1.27,6598.47,483.98,0.0,360.92,314.62,23.24,0.0733,0.0,0.8717,0.0644,1.27,18.28,8.59,30.0,LL,14.95,A-B,7.56,LL_0037
17552.03,18934.38,17256.61,17914.34,9.43,0.0937,1324.18,15.46,1324.18,887.94,86.56,1.47,18263.95,827.54,0.0,728.51,718.88,5.1,0.0453,0.0,0.9868,0.007,1.47,25.07,32.11,50.0,LL,22.28,C-A,5.86,LL_0038
6676.78,6453.31,6651.55,6593.88,2.8,0.0339,358.78,358.78,88.47,268.68,3.99,1.01,6602.52,69.12,0.0,232.46,183.61,29.89,0.0105,0.0,0.7899,0.1286,1.01,28.4,18.77,75.0,LL,38.51,A-B,1.36,LL_0039
6469.12,6350.85,6456.31,6425.43,0.0,0.0184,406.3,14.81,406.3,275.8,27.43,1.42,6524.33,177.76,0.0,242.89,234.02,4.94,0.0272,0.0,0.9635,0.0203,1.42,26.86,34.21,100.0,LL,27.34,C-A,10.4,LL_0040
6639.53,6495.88,6595.89,6577.1,2.16,0.0218,68.4,256.17,256.17,193.58,3.75,0.97,6546.45,146.61,0.0,156.73,121.43,22.8,0.0224,0.0,0.7748,0.1455,0.97,41.77,15.63,100.0,LL,49.89,B-C,3.77,LL_0041
6139.59,6258.22,6350.85,6249.55,3.33,0.0338,291.92,291.92,62.33,215.39,4.68,1.07,6167.58,236.87,0.0,174.86,135.92,20.56,0.0384,0.0,0.7773,0.1176,1.07,35.27,21.32,75.0,LL,37.16,A-B,10.6,LL_0042
5949.12,6231.78,6335.1,6172.0,1.86,0.0625,24.44,232.43,232.43,163.1,9.49,1.28,6296.45,262.81,0.0,142.52,127.38,8.14,0.0417,0.0,0.8938,0.0571,1.28,44.18,2.29,75.0,LL,55.31,B-C,4.45,LL_0043
6639.53,6542.77,6837.28,6673.19,1.46,0.0441,40.62,210.94,210.94,154.17,5.19,1.1,6667.92,334.16,0.0,115.22,90.72,13.54,0.0501,0.0,0.7874,0.1175,1.1,57.87,8.79,75.0,LL,59.46,B-C,7.52,LL_0044
6487.99,6766.67,6241.3,6498.65,6.0,0.0808,821.97,54.93,821.97,566.29,15.13,1.35,6352.09,521.1,0.0,418.66,382.79,18.18,0.082,0.0,0.9143,0.0434,1.35,15.17,21.7,50.0,LL,11.46,C-A,6.16,LL_0045
6713.92,6431.75,6302.91,6482.86,5.07,0.0634,52.86,608.89,608.89,423.55,11.39,1.31,6339.04,353.1,0.0,330.49,296.45,17.82,0.0557,0.0,0.897,0.0539,1.31,19.18,0.1,50.0,LL,17.26,B-C,7.4,LL_0046
6824.48,6662.69,6371.89,6619.69,4.03,0.0684,757.15,67.87,757.15,527.39,11.36,1.31,6633.99,456.44,0.0,433.35,388.88,22.27,0.0688,0.0,0.8974,0.0514,1.31,15.31,21.47,30.0,LL,11.45,C-A,8.12,LL_0047
6130.1,5966.2,5866.01,5987.44,3.24,0.0441,33.19,321.75,321.75,225.56,9.64,1.28,5925.31,189.63,0.0,179.01,160.93,11.14,0.032,0.0,0.899,0.0622,1.28,33.1,4.18,50.0,LL,34.96,B-C,7.04,LL_0048
6350.85,6163.49,5969.97,6161.44,6.0,0.0618,13.43,1183.71,1183.71,793.62,88.15,1.47,6088.84,283.35,0.0,671.45,663.1,4.48,0.0465,0.0,0.9876,0.0067,1.47,9.07,0.1,30.0,LL,6.65,B-C,5.35,LL_0049
18443.7,19052.56,17986.0,18494.09,5.6,0.0577,483.73,22.27,483.73,329.91,21.72,1.4,18434.31,846.76,0.0,246.65,234.35,7.42,0.0459,0.0,0.9501,0.0301,1.4,74.74,75.0,75.0,LL,71.12,C-A,5.79,LL_0050
6732.04,6448.12,6761.26,6647.14,2.88,0.0471,59.22,293.18,293.18,215.19,5.04,1.09,6660.72,281.79,0.0,157.07,126.72,19.48,0.0423,0.0,0.8068,0.124,1.09,42.41,9.06,75.0,LL,44.93,B-C,2.39,LL_0051
6514.39,6639.53,6433.81,6529.24,3.1,0.0315,309.65,63.1,309.65,227.47,4.91,1.08,6448.24,220.89,0.0,187.02,149.72,21.03,0.0343,0.0,0.8006,0.1124,1.08,34.48,52.38,100.0,LL,36.39,C-A,11.21,LL_0052
16004.59,18677.2,17042.02,17241.27,16.0,0.155,1867.35,23.09,1867.35,1252.6,79.63,1.47,17601.62,1487.66,0.0,1115.88,1102.98,7.79,0.0845,0.0,0.9884,0.007,1.47,15.77,18.53,50.0,LL,15.57,C-A,3.52,LL_0053
6863.2,6847.95,6509.28,6740.14,1.96,0.0525,205.65,205.65,25.59,145.63,7.91,1.24,6873.19,254.15,0.0,129.69,115.17,8.63,0.037,0.0,0.888,0.0665,1.24,53.0,30.43,75.0,LL,66.73,A-B,8.38,LL_0054
5958.71,5988.97,6350.85,6099.51,6.17,0.0643,1348.9,1348.9,63.87,920.56,21.12,1.4,5889.11,495.55,0.0,710.27,667.78,21.29,0.0841,0.0,0.9402,0.03,1.4,8.29,2.93,50.0,LL,4.86,A-B,5.02,LL_0055
6501.69,6626.38,6236.22,6454.76,1.81,0.0604,285.24,285.24,58.59,209.69,4.83,1.08,6575.06,255.31,0.0,180.1,147.82,19.62,0.0388,0.0,0.8208,0.1089,1.08,36.51,22.22,100.0,LL,47.97,A-B,2.47,LL_0056
6062.18,6057.2,6003.62,6041.0,0.97,0.0097,54.24,475.67,475.67,335.19,8.77,1.26,6068.7,47.95,0.0,293.78,266.25,18.08,0.0079,0.0,0.9063,0.0615,1.26,20.66,4.26,30.0,LL,26.16,B-C,2.18,LL_0057
19052.56,17859.93,18152.82,18355.1,6.26,0.065,26.27,562.09,562.09,383.48,21.39,1.4,18313.88,814.73,0.0,294.77,283.63,8.76,0.0445,0.0,0.9622,0.0297,1.4,62.13,13.67,75.0,LL,62.93,B-C,0.21,LL_0058
18876.8,17861.41,18238.9,18325.7,6.25,0.0554,29.3,1006.8,1006.8,680.97,34.8,1.44,18735.9,525.11,0.0,573.54,554.38,9.65,0.028,0.0,0.9666,0.0168,1.44,32.67,0.1,100.0,LL,29.56,B-C,9.72,LL_0059
6350.85,6200.13,6064.76,6205.25,4.5,0.0461,66.11,689.38,689.38,481.62,10.43,1.29,6113.34,251.62,0.0,408.2,365.22,22.04,0.0412,0.0,0.8947,0.054,1.29,14.98,0.1,50.0,LL,10.4,B-C,10.29,LL_0060
5943.08,4760.63,4574.71,5092.81,24.54,0.2687,70.64,269.59,273.11,204.45,3.84,0.99,5034.7,507.05,770.2,199.28,74.22,56.86,0.1007,0.153,0.3724,0.2853,0.99,25.26,50.0,50.0,LLG,23.99,B-C,11.24,LLG_0001
6498.14,6770.69,6619.5,6629.44,2.13,0.0411,258.5,276.72,55.0,196.74,5.1,1.13,6604.33,826.41,573.1,187.68,71.46,65.38,0.1251,0.0868,0.3808,0.3484,1.13,35.19,56.8,75.0,LLG,47.87,A-B,8.34,LLG_0002
18926.5,19349.1,17544.44,18606.68,7.92,0.097,1379.53,21.83,1345.88,915.75,64.38,1.48,18596.66,1951.59,716.48,815.96,317.27,483.2,0.1049,0.0385,0.3888,0.5922,1.48,22.79,29.99,75.0,LLG,28.56,C-A,2.73,LLG_0003
6755.02,5886.9,6065.26,6235.73,11.34,0.1392,60.06,311.13,297.38,222.86,5.22,1.13,6061.01,866.95,587.1,203.28,58.73,87.04,0.143,0.0969,0.2889,0.4282,1.13,29.82,50.0,50.0,LLG,36.78,B-C,8.2,LLG_0004
7421.0,6639.53,7232.36,7097.63,0.0,0.1101,559.26,85.56,578.37,407.73,6.76,1.21,7050.78,518.19,583.81,372.65,121.23,175.42,0.0735,0.0828,0.3253,0.4707,1.21,18.92,34.55,50.0,LLG,28.27,C-A,1.88,LLG_0005
4694.28,6450.9,4648.07,5264.42,26.81,0.3425,474.9,19.02,495.66,329.86,26.03,1.44,5092.61,907.34,657.07,308.18,128.32,161.17,0.1782,0.129,0.4164,0.523,1.44,16.52,15.52,30.0,LLG,13.74,C-A,6.21,LLG_0006
7810.37,8045.23,6639.53,7498.38,0.0,0.1875,615.86,687.03,38.92,447.27,17.65,1.45,7576.08,740.69,380.38,407.34,180.28,203.55,0.0978,0.0502,0.4426,0.4997,1.45,18.6,34.64,50.0,LLG,28.52,A-B,0.64,LLG_0007
19052.56,15281.26,15888.75,16740.86,19.79,0.2253,12.13,669.96,709.72,463.94,58.53,1.5,16514.82,2255.11,1827.95,431.52,205.44,219.03,0.1366,0.1107,0.4761,0.5076,1.5,38.27,50.0,50.0,LLG,36.96,B-C,11.74,LLG_0008
18629.18,17216.82,18804.57,18216.86,9.64,0.0872,1203.21,1162.4,5.52,790.38,213.57,1.52,18245.54,580.75,1730.24,762.93,438.47,325.49,0.0318,0.0948,0.5747,0.4266,1.52,23.92,30.38,50.0,LLG,31.91,A-B,4.24,LLG_0009
6350.85,6766.55,7091.15,6736.18,0.0,0.1099,65.57,220.84,223.1,169.84,3.4,0.93,6665.47,700.95,537.85,152.82,34.98,61.5,0.1052,0.0807,0.2289,0.4024,0.93,43.62,79.17,100.0,LLG,65.61,B-C,6.58,LLG_0010
4075.65,4043.08,6639.53,4919.42,39.11,0.5278,490.97,486.45,29.79,335.74,16.48,1.37,4872.69,909.66,859.25,329.9,147.73,153.43,0.1867,0.1763,0.4478,0.4651,1.37,14.77,2.4,30.0,LLG,2.37,A-B,7.96,LLG_0011
6367.12,6146.92,6350.85,6288.3,3.21,0.035,1707.85,1724.92,21.59,1151.45,79.88,1.48,6339.85,391.63,543.99,1118.48,650.52,450.07,0.0618,0.0858,0.5816,0.4024,1.48,5.67,8.32,30.0,LLG,8.11,A-B,0.63,LLG_0012
6077.63,6639.53,6078.22,6265.13,8.46,0.0897,259.39,69.54,272.73,200.55,3.92,1.01,6104.01,698.63,675.77,188.18,55.53,66.83,0.1145,0.1107,0.2951,0.3551,1.01,32.44,51.68,75.0,LLG,42.73,C-A,9.29,LLG_0013
6300.08,6472.47,5907.05,6226.53,6.99,0.0908,390.13,38.65,394.61,274.46,10.3,1.3,6105.1,858.29,481.77,247.59,82.09,127.16,0.1406,0.0789,0.3316,0.5136,1.3,24.66,34.27,50.0,LLG,30.67,C-A,5.18,LLG_0014
15007.77,19352.71,14826.31,16395.6,22.18,0.2761,840.89,22.41,884.58,582.63,39.39,1.48,15902.97,2570.15,1677.08,532.79,220.06,291.82,0.1616,0.1055,0.413,0.5477,1.48,29.85,34.37,75.0,LLG,29.16,C-A,9.08,LLG_0015
7724.52,7307.43,6362.36,7131.44,0.0,0.191,334.83,310.87,81.38,242.36,4.06,1.05,7164.67,268.28,652.95,229.96,95.61,71.9,0.0374,0.0911,0.4158,0.3127,1.05,31.16,50.64,100.0,LLG,55.16,A-B,1.7,LLG_0016
11623.68,11023.6,18742.19,13796.49,42.14,0.5595,2073.31,2025.1,6.05,1368.15,336.42,1.51,13639.48,2623.32,2819.22,1318.49,706.15,610.64,0.1923,0.2067,0.5356,0.4631,1.51,10.34,4.77,50.0,LLG,4.82,A-B,4.59,LLG_0017
8023.66,6449.7,7551.47,7341.61,0.0,0.2144,281.01,26.95,267.33,191.76,10.63,1.32,7398.9,591.48,563.38,168.76,56.12,93.21,0.0799,0.0761,0.3325,0.5523,1.32,43.84,71.73,75.0,LLG,68.35,C-A,0.28,LLG_0018
20580.79,19052.56,20768.05,20133.8,0.0,0.0852,498.82,21.32,541.53,353.89,25.39,1.47,20017.53,913.01,1740.1,331.38,154.14,166.13,0.0456,0.0869,0.4651,0.5013,1.47,60.41,100.0,100.0,LLG,87.36,C-A,6.67,LLG_0019
6177.33,6081.95,6704.91,6321.4,8.4,0.0985,260.63,244.05,30.64,178.44,8.43,1.29,6164.5,713.2,663.16,164.19,61.11,74.42,0.1157,0.1076,0.3722,0.4533,1.29,37.54,48.25,100.0,LLG,46.94,A-B,9.65,LLG_0020
6685.53,8044.74,7688.14,7472.8,0.0,0.1819,41.45,552.05,513.24,368.91,13.17,1.38,7503.91,260.24,626.84,348.85,168.99,155.22,0.0347,0.0835,0.4844,0.4449,1.38,21.51,50.0,50.0,LLG,35.86,B-C,0.29,LLG_0021
5371.5,6639.53,5627.78,5879.6,19.1,0.2157,360.81,27.36,378.49,255.55,13.84,1.37,5774.02,544.05,803.01,247.94,119.61,102.46,0.0942,0.1391,0.4824,0.4132,1.37,23.29,27.81,50.0,LLG,24.97,C-A,7.89,LLG_0022
12565.95,11807.13,18804.57,14392.55,38.03,0.4862,1474.21,1422.35,7.81,968.12,184.95,1.51,14188.22,2415.96,2522.92,928.75,484.55,440.48,0.1703,0.1778,0.5217,0.4743,1.51,15.28,8.7,50.0,LLG,8.8,A-B,6.6,LLG_0023
4082.46,4177.32,6054.63,4771.47,32.66,0.4133,319.58,325.58,87.07,244.08,3.73,0.98,4675.51,825.91,694.72,235.07,71.13,79.98,0.1766,0.1486,0.3026,0.3402,0.98,19.89,13.78,30.0,LLG,12.63,A-B,10.13,LLG_0024
22616.71,19285.64,21174.6,21025.65,0.0,0.1584,845.87,5.55,792.55,547.99,155.49,1.53,21211.52,1442.3,1076.38,486.64,192.78,291.88,0.068,0.0507,0.3961,0.5998,1.53,43.59,65.05,100.0,LLG,64.34,C-A,0.29,LLG_0025
7079.24,7007.56,6536.55,6874.45,1.55,0.0789,179.03,189.3,12.08,126.8,15.64,1.4,6907.52,691.86,631.84,123.09,64.57,47.7,0.1002,0.0915,0.5246,0.3875,1.4,56.12,84.16,100.0,LLG,77.56,A-B,10.93,LLG_0026
4179.35,4377.77,6362.76,4973.29,34.19,0.439,297.43,312.37,80.16,229.99,3.97,1.01,4902.75,754.63,797.87,224.18,79.66,73.25,0.1539,0.1627,0.3553,0.3267,1.01,21.87,13.0,100.0,LLG,12.11,A-B,11.52,LLG_0027
4221.58,6639.53,4202.87,5021.33,36.7,0.4853,789.73,56.74,779.5,541.99,13.92,1.35,4982.93,789.03,911.37,533.98,251.45,227.18,0.1583,0.1829,0.4709,0.4254,1.35,9.33,4.03,30.0,LLG,4.02,C-A,4.61,LLG_0028
5705.43,5583.35,6350.85,5879.88,12.09,0.1305,251.88,237.45,51.56,180.3,4.88,1.11,5735.82,605.26,696.14,171.51,59.74,62.39,0.1055,0.1214,0.3483,0.3638,1.11,33.44,42.19,75.0,LLG,41.95,A-B,10.31,LLG_0029
6870.32,7189.92,6331.7,6797.31,0.3,0.1263,220.2,236.04,31.19,162.48,7.64,1.26,6839.29,842.88,448.68,152.94,64.4,63.04,0.1232,0.0656,0.4211,0.4122,1.26,44.72,75.0,75.0,LLG,64.45,A-B,6.81,LLG_0030
7801.25,6350.85,7718.44,7290.18,0.0,0.199,210.2,68.16,193.18,157.18,3.08,0.9,7382.31,817.95,424.38,146.51,45.71,45.37,0.1108,0.0575,0.312,0.3097,0.9,50.39,81.65,100.0,LLG,88.6,C-A,3.66,LLG_0031
6537.92,4707.76,4466.37,5237.35,32.73,0.3955,71.08,315.77,307.13,231.33,4.37,1.06,5168.91,732.64,836.59,223.76,81.71,75.67,0.1417,0.1619,0.3652,0.3382,1.06,23.1,30.0,30.0,LLG,15.02,B-C,11.69,LLG_0032
20371.14,19349.1,18897.68,19539.31,0.81,0.0754,870.16,5.05,848.87,574.69,175.38,1.51,19538.64,2078.07,875.3,511.92,202.7,307.4,0.1064,0.0448,0.396,0.6005,1.51,38.17,51.61,100.0,LLG,49.15,C-A,4.33,LLG_0033
19896.56,19852.58,19052.56,19600.57,0.0,0.0431,1381.64,1275.9,24.95,894.16,55.37,1.52,19599.05,518.46,1025.02,839.4,396.86,440.7,0.0265,0.0523,0.4728,0.525,1.52,23.35,33.15,50.0,LLG,34.59,A-B,1.08,LLG_0034
19001.28,16128.2,15159.48,16762.99,20.43,0.2292,14.1,854.8,804.93,557.94,59.46,1.51,16435.07,1816.97,1969.18,523.48,261.35,254.32,0.1106,0.1198,0.4993,0.4858,1.51,31.4,75.0,75.0,LLG,33.77,B-C,9.16,LLG_0035
19052.56,13630.18,13038.75,15240.5,31.56,0.3946,4.8,999.11,963.5,655.8,208.08,1.52,15034.28,1929.43,2400.15,639.21,340.82,295.54,0.1283,0.1596,0.5332,0.4624,1.52,23.52,30.0,30.0,LLG,17.62,B-C,9.43,LLG_0036
6077.24,5994.06,5882.26,5984.52,2.97,0.0326,62.94,577.54,593.93,411.47,9.44,1.29,5985.74,558.54,604.22,398.32,194.29,143.38,0.0933,0.1009,0.4878,0.36,1.29,15.03,100.0,100.0,LLG,20.26,B-C,3.3,LLG_0037
6762.07,6217.89,6670.73,6550.23,6.35,0.0831,32.83,627.12,626.99,428.98,19.42,1.39,6459.12,874.7,455.2,377.79,133.53,213.28,0.1354,0.0705,0.3535,0.5645,1.39,17.1,75.0,75.0,LLG,20.74,B-C,3.03,LLG_0038
6901.05,6062.18,6718.12,6560.45,0.0,0.1279,240.16,34.8,248.06,174.34,7.13,1.22,6508.02,506.24,582.42,158.08,54.1,76.87,0.0778,0.0895,0.3422,0.4863,1.22,41.17,73.94,75.0,LLG,60.56,C-A,4.62,LLG_0039
6490.53,6375.04,6803.66,6556.41,0.0,0.0654,589.92,34.06,632.22,418.73,18.39,1.43,6517.11,331.93,626.84,389.56,186.79,182.09,0.0509,0.0962,0.4795,0.4674,1.43,16.73,29.76,50.0,LLG,24.06,C-A,2.21,LLG_0040
15227.04,19052.56,16037.74,16772.45,20.08,0.2281,691.29,12.96,728.45,477.57,56.21,1.5,16529.08,1436.71,2182.4,462.72,246.06,206.44,0.0869,0.132,0.5318,0.4461,1.5,35.72,42.31,100.0,LLG,37.85,C-A,11.19,LLG_0041
5944.6,7676.0,7358.41,6993.0,1.94,0.2476,93.36,302.79,300.45,232.2,3.21,0.9,7096.06,644.92,486.82,226.4,90.84,53.67,0.0909,0.0686,0.4012,0.2371,0.9,31.34,75.0,75.0,LLG,59.86,B-C,0.92,LLG_0042
8116.89,6373.01,7614.26,7368.05,0.0,0.2367,254.3,30.56,236.14,173.67,8.46,1.29,7462.18,763.52,470.53,156.56,57.45,76.58,0.1023,0.0631,0.367,0.4891,1.29,47.66,72.19,100.0,LLG,76.02,C-A,0.98,LLG_0043
10704.01,10679.15,19052.56,13478.57,43.95,0.6212,2681.81,2602.34,25.16,1769.77,106.61,1.5,13194.53,3282.82,2577.74,1631.0,722.63,893.1,0.2488,0.1954,0.4431,0.5476,1.5,8.09,4.9,30.0,LLG,4.45,A-B,3.05,LLG_0044
10350.77,18781.84,11087.91,13406.84,45.67,0.6289,2886.15,28.88,2977.81,1964.28,101.16,1.5,13256.32,2896.33,2967.2,1882.08,1017.35,846.77,0.2185,0.2238,0.5405,0.4499,1.5,7.04,4.64,30.0,LLG,4.16,C-A,2.74,LLG_0045
7319.13,7367.61,6252.35,6979.7,1.55,0.1598,932.9,980.85,41.56,651.77,23.66,1.44,7093.97,623.51,333.73,625.72,335.13,263.18,0.0879,0.047,0.5356,0.4206,1.44,11.34,19.68,50.0,LLG,18.02,A-B,0.39,LLG_0046
6333.76,6280.51,5904.92,6173.06,7.02,0.0695,35.95,494.22,464.84,331.67,13.5,1.38,6090.18,429.38,686.82,311.95,146.51,134.75,0.0705,0.1128,0.4697,0.432,1.38,19.52,50.0,50.0,LLG,25.95,B-C,4.24,LLG_0047
4965.74,4890.67,6121.87,5326.09,19.32,0.2312,349.51,328.99,15.55,231.35,22.34,1.44,5162.66,763.84,618.84,214.48,90.88,109.25,0.148,0.1199,0.4237,0.5094,1.44,24.07,25.39,30.0,LLG,24.43,A-B,7.81,LLG_0048
6350.85,6056.98,6130.49,6179.44,4.63,0.0476,38.29,437.24,464.65,313.39,12.14,1.36,6149.22,729.18,585.8,298.72,140.23,123.9,0.1186,0.0953,0.4694,0.4148,1.36,20.59,100.0,100.0,LLG,25.87,B-C,4.92,LLG_0049
5975.11,6062.18,6202.82,6080.04,1.44,0.0375,597.38,49.92,649.54,432.28,13.01,1.39,6018.42,335.02,640.39,413.19,197.27,174.69,0.0557,0.1064,0.4774,0.4228,1.39,14.57,24.54,30.0,LLG,20.53,C-A,2.55,LLG_0050
6062.18,3897.5,3960.23,4639.97,35.71,0.4665,44.75,326.82,329.98,233.85,7.37,1.22,4559.27,836.53,720.56,225.77,88.0,97.52,0.1835,0.158,0.3898,0.4319,1.22,20.19,30.0,30.0,LLG,8.58,B-C,10.37,LLG_0051
16536.52,19052.56,16578.15,17389.08,13.21,0.1447,769.44,12.31,812.63,531.46,66.01,1.51,16996.77,1973.11,1705.71,494.84,225.62,263.11,0.1161,0.1004,0.4559,0.5317,1.51,34.35,47.73,50.0,LLG,39.12,C-A,8.5,LLG_0052
6232.41,6889.85,6693.93,6605.4,1.86,0.0995,21.86,744.93,775.15,513.98,35.37,1.47,6680.5,526.97,546.82,502.28,285.63,197.24,0.0789,0.0819,0.5687,0.3927,1.47,13.3,50.0,50.0,LLG,19.3,B-C,1.78,LLG_0053
15982.64,19052.56,16879.6,17304.93,16.11,0.1774,1115.33,16.54,1145.53,759.13,69.27,1.49,17263.09,953.62,2063.71,741.1,420.95,304.08,0.0552,0.1195,0.568,0.4103,1.49,23.29,28.65,50.0,LLG,27.47,C-A,5.93,LLG_0054
6017.1,5320.5,4981.21,5439.6,17.83,0.1904,88.77,234.79,223.14,182.23,2.59,0.8,5327.42,536.13,704.18,174.6,45.85,40.68,0.1006,0.1322,0.2626,0.233,0.8,30.51,50.0,50.0,LLG,39.18,B-C,11.57,LLG_0055
17197.3,18084.21,18995.1,18092.2,9.74,0.0994,1528.14,1638.24,18.31,1061.56,91.03,1.53,18248.73,1635.2,1210.7,997.9,508.66,493.29,0.0896,0.0663,0.5097,0.4943,1.53,18.29,27.93,30.0,LLG,22.99,A-B,2.72,LLG_0056
12569.66,19119.03,11843.27,14510.65,37.84,0.5014,1469.12,19.96,1389.91,959.66,75.01,1.51,14298.85,2346.76,2559.14,927.46,464.41,449.59,0.1641,0.179,0.5007,0.4848,1.51,15.42,8.68,30.0,LLG,8.73,C-A,6.56,LLG_0057
19052.56,12689.23,12535.55,14759.11,34.21,0.4416,31.91,832.47,810.23,558.2,26.08,1.43,14418.2,2606.42,2202.48,534.15,239.67,265.38,0.1808,0.1528,0.4487,0.4968,1.43,26.99,50.0,50.0,LLG,15.9,B-C,11.99,LLG_0058
6695.0,6442.72,6062.18,6399.97,0.0,0.0989,223.96,225.48,28.54,159.33,7.9,1.24,6433.77,549.98,593.39,154.86,76.47,51.47,0.0855,0.0922,0.4938,0.3324,1.24,41.55,63.68,75.0,LLG,61.87,A-B,7.36,LLG_0059
4425.24,5946.79,4664.26,5012.1,27.0,0.3036,360.34,54.27,362.48,259.03,6.58,1.19,4949.1,541.5,772.35,251.96,108.86,89.06,0.1094,0.1561,0.4321,0.3535,1.19,19.64,18.07,50.0,LLG,17.06,C-A,8.48,LLG_0060
6019.49,5995.18,6336.43,6117.03,1.11,0.0558,486.73,450.37,501.7,479.6,5.77,0.11,6180.07,375.35,0.0,449.32,66.0,0.0,0.0607,0.0,0.1469,0.0,0.11,13.75,27.33,30.0,LLL,28.3,Three-Phase Symmetrical,2.15,LLL_0001
6502.69,6583.17,6143.15,6409.67,3.27,0.0686,323.47,339.25,315.45,326.06,6.86,0.07,6505.15,350.91,0.0,305.53,44.82,0.0,0.0539,0.0,0.1467,0.0,0.07,21.29,50.36,75.0,LLL,46.13,Three-Phase Symmetrical,1.57,LLL_0002
6749.78,6815.48,6326.6,6630.62,4.71,0.0737,577.89,608.74,569.79,585.47,13.38,0.07,6726.74,450.35,0.0,548.19,82.12,0.0,0.0669,0.0,0.1498,0.0,0.07,12.27,27.25,30.0,LLL,24.96,Three-Phase Symmetrical,2.11,LLL_0003
5997.58,5878.61,6347.49,6074.56,3.03,0.0772,538.34,506.45,539.51,528.1,17.54,0.06,6155.25,435.86,0.0,494.18,73.82,0.0,0.0708,0.0,0.1494,0.0,0.06,12.46,24.32,50.0,LLL,24.76,Three-Phase Symmetrical,2.56,LLL_0004
6224.41,6220.13,6582.94,6342.49,6.32,0.0572,1364.64,1310.13,1401.32,1358.7,96.09,0.07,6197.43,517.5,0.0,1283.69,136.23,0.0,0.0835,0.0,0.1061,0.0,0.07,4.83,6.78,100.0,LLL,6.47,Three-Phase Symmetrical,2.99,LLL_0005
6216.81,6302.66,5891.01,6136.83,7.24,0.0671,1452.17,1520.08,1407.65,1459.97,66.94,0.08,6222.72,307.6,0.0,1367.36,196.34,0.0,0.0494,0.0,0.1436,0.0,0.08,4.55,10.97,75.0,LLL,10.05,Three-Phase Symmetrical,0.2,LLL_0006
4837.0,4798.42,5074.25,4903.22,27.73,0.0563,7495.89,6897.03,7787.69,7393.54,166.58,0.12,4950.25,267.54,0.0,6904.63,986.31,0.0,0.054,0.0,0.1428,0.0,0.12,0.72,1.44,30.0,LLL,1.53,Three-Phase Symmetrical,0.08,LLL_0007
6690.88,6437.83,6815.66,6648.12,3.04,0.0568,669.78,597.18,647.93,638.3,7.76,0.11,6718.9,359.29,0.0,597.28,86.99,0.0,0.0535,0.0,0.1456,0.0,0.11,11.25,21.98,50.0,LLL,24.0,Three-Phase Symmetrical,1.13,LLL_0008
6817.33,6486.43,6715.37,6673.04,2.31,0.0496,545.98,487.89,497.3,510.39,14.38,0.11,6737.43,299.68,0.0,476.11,67.32,0.0,0.0445,0.0,0.1414,0.0,0.11,14.15,28.52,50.0,LLL,31.37,Three-Phase Symmetrical,0.53,LLL_0009
6558.82,6746.37,6920.76,6741.98,1.22,0.0537,255.41,252.65,280.77,262.94,4.53,0.11,6811.33,330.2,0.0,245.71,35.33,0.0,0.0485,0.0,0.1438,0.0,0.11,27.72,61.38,100.0,LLL,60.45,Three-Phase Symmetrical,1.79,LLL_0010
14698.83,13742.78,14706.89,14382.83,27.87,0.067,2486.72,2299.49,2392.33,2392.85,82.9,0.08,14598.15,902.77,0.0,2242.49,329.26,0.0,0.0618,0.0,0.1468,0.0,0.08,6.51,12.41,50.0,LLL,13.65,Three-Phase Symmetrical,0.89,LLL_0011
6006.46,6356.83,5955.45,6106.25,1.76,0.0657,382.97,412.49,395.36,396.94,14.31,0.07,6196.8,332.18,0.0,371.94,54.49,0.0,0.0536,0.0,0.1465,0.0,0.07,16.66,43.57,50.0,LLL,36.15,Three-Phase Symmetrical,1.19,LLL_0012
6602.52,6350.13,6136.61,6363.09,3.37,0.0732,538.14,537.51,503.74,526.46,8.08,0.07,6458.98,359.83,0.0,493.34,72.73,0.0,0.0557,0.0,0.1474,0.0,0.07,13.09,27.48,30.0,LLL,28.15,Three-Phase Symmetrical,1.13,LLL_0013
6550.47,6091.3,6233.89,6291.89,4.09,0.073,865.13,825.03,806.16,832.11,10.48,0.07,6387.76,376.56,0.0,779.71,115.8,0.0,0.059,0.0,0.1485,0.0,0.07,8.19,15.92,30.0,LLL,17.36,Three-Phase Symmetrical,0.9,LLL_0014
14794.9,15292.23,14136.92,14741.35,25.8,0.0784,2184.22,2320.13,2173.93,2226.09,96.8,0.07,14961.63,935.12,0.0,2086.0,307.32,0.0,0.0625,0.0,0.1473,0.0,0.07,7.17,17.03,50.0,LLL,14.99,Three-Phase Symmetrical,1.01,LLL_0015
5562.59,5997.63,5593.2,5717.81,8.24,0.0761,2080.65,2222.02,2202.07,2168.25,33.14,0.07,5747.21,481.24,0.0,2025.83,291.8,0.0,0.0837,0.0,0.144,0.0,0.07,2.84,6.37,50.0,LLL,5.11,Three-Phase Symmetrical,0.96,LLL_0016
6221.56,5856.76,5912.86,5997.06,7.78,0.0608,2324.69,2212.01,2086.16,2207.62,167.96,0.11,6055.57,388.82,0.0,2068.44,303.77,0.0,0.0642,0.0,0.1469,0.0,0.11,2.93,5.62,30.0,LLL,5.92,Three-Phase Symmetrical,0.54,LLL_0017
6178.86,6365.07,5926.46,6156.8,6.68,0.0712,1359.84,1443.64,1347.3,1383.59,19.52,0.07,6245.59,321.88,0.0,1296.18,187.87,0.0,0.0515,0.0,0.1449,0.0,0.07,4.82,11.97,30.0,LLL,10.55,Three-Phase Symmetrical,0.28,LLL_0018
15616.28,15853.82,14763.21,15411.1,22.51,0.0708,1887.31,1976.35,1831.81,1898.49,385.68,0.08,15632.78,849.17,0.0,1778.34,256.61,0.0,0.0543,0.0,0.1443,0.0,0.08,8.79,20.79,50.0,LLL,19.05,Three-Phase Symmetrical,0.72,LLL_0019
5892.71,5882.63,6259.17,6011.5,2.96,0.0626,842.11,787.74,864.97,831.61,9.58,0.09,6030.86,460.58,0.0,779.74,109.66,0.0,0.0764,0.0,0.1406,0.0,0.09,7.73,14.25,30.0,LLL,14.24,Three-Phase Symmetrical,2.42,LLL_0020
15801.27,16393.63,15533.52,15909.47,18.47,0.0541,1615.93,1818.52,1675.58,1703.34,144.91,0.12,16062.24,780.83,0.0,1589.3,225.19,0.0,0.0486,0.0,0.1417,0.0,0.12,10.11,26.46,75.0,LLL,22.06,Three-Phase Symmetrical,0.71,LLL_0021
6210.73,6294.61,5888.2,6131.18,2.87,0.0663,261.53,273.74,253.46,262.91,14.96,0.08,6216.34,300.98,0.0,246.23,35.32,0.0,0.0484,0.0,0.1434,0.0,0.08,25.25,61.08,75.0,LLL,55.96,Three-Phase Symmetrical,0.91,LLL_0022
6571.61,6856.01,6826.44,6751.35,1.02,0.0421,162.78,175.86,185.53,174.72,4.09,0.13,6809.18,266.39,0.0,162.52,22.35,0.0,0.0391,0.0,0.1375,0.0,0.13,41.9,100.0,100.0,LLL,94.8,Three-Phase Symmetrical,0.07,LLL_0023
16223.82,16123.05,16877.92,16408.26,15.38,0.046,1479.42,1358.84,1546.08,1461.45,149.71,0.13,16585.66,674.91,0.0,1348.27,191.2,0.0,0.0407,0.0,0.1418,0.0,0.13,12.3,25.53,30.0,LLL,27.18,Three-Phase Symmetrical,0.36,LLL_0024
6357.05,6647.39,6164.22,6389.55,2.94,0.0756,407.5,436.48,415.37,419.78,8.01,0.07,6486.71,398.8,0.0,393.28,58.71,0.0,0.0615,0.0,0.1493,0.0,0.07,16.49,40.74,50.0,LLL,34.52,Three-Phase Symmetrical,2.12,LLL_0025
6231.84,6756.66,6634.21,6540.9,6.14,0.0802,866.65,895.05,929.27,896.99,10.26,0.07,6612.36,501.91,0.0,838.76,124.08,0.0,0.0759,0.0,0.1479,0.0,0.07,7.88,18.52,30.0,LLL,15.15,Three-Phase Symmetrical,2.0,LLL_0026
6317.28,6617.76,6414.75,6449.93,0.53,0.0466,213.45,241.35,236.81,230.54,7.37,0.12,6508.07,267.64,0.0,214.71,29.87,0.0,0.0411,0.0,0.1391,0.0,0.12,30.31,80.12,100.0,LLL,68.07,Three-Phase Symmetrical,0.45,LLL_0027
6278.99,6116.21,5954.86,6116.69,1.77,0.053,478.54,482.88,431.39,464.27,22.57,0.11,6178.73,293.78,0.0,433.7,62.13,0.0,0.0475,0.0,0.1433,0.0,0.11,14.25,31.82,75.0,LLL,31.19,Three-Phase Symmetrical,0.83,LLL_0028
5741.5,5732.45,6109.31,5861.09,5.44,0.0643,1512.98,1421.07,1553.76,1495.94,63.02,0.09,5854.22,473.46,0.0,1403.19,191.39,0.0,0.0809,0.0,0.1364,0.0,0.09,4.17,7.39,30.0,LLL,7.31,Three-Phase Symmetrical,1.56,LLL_0029
6909.61,6785.89,6468.19,6721.23,2.58,0.0657,203.65,205.25,190.34,199.75,2.67,0.07,6807.97,304.07,0.0,186.92,26.28,0.0,0.0447,0.0,0.1406,0.0,0.07,36.42,82.86,100.0,LLL,81.91,Three-Phase Symmetrical,0.41,LLL_0030
6200.29,5959.41,6324.27,6161.32,1.7,0.0592,292.26,261.42,282.69,278.79,13.28,0.11,6227.07,353.85,0.0,261.07,38.26,0.0,0.0568,0.0,0.1466,0.0,0.11,23.85,46.07,75.0,LLL,50.07,Three-Phase Symmetrical,2.99,LLL_0031
6124.51,6505.73,6036.75,6222.33,4.95,0.0754,1076.4,1155.05,1120.7,1117.38,14.31,0.07,6306.69,444.87,0.0,1045.8,156.42,0.0,0.0705,0.0,0.1496,0.0,0.07,6.03,14.66,75.0,LLL,12.02,Three-Phase Symmetrical,1.22,LLL_0032
5965.8,6379.04,6023.17,6122.67,1.59,0.0675,314.29,338.06,330.21,327.52,4.67,0.07,6215.41,351.66,0.0,306.91,45.38,0.0,0.0566,0.0,0.1479,0.0,0.07,20.25,50.0,50.0,LLL,43.37,Three-Phase Symmetrical,1.87,LLL_0033
5908.99,6378.26,6290.49,6192.58,11.0,0.0758,2078.65,2142.08,2222.02,2147.58,53.13,0.07,6033.6,544.7,0.0,2017.78,224.04,0.0,0.0903,0.0,0.111,0.0,0.07,2.99,4.72,30.0,LLL,3.87,Three-Phase Symmetrical,1.91,LLL_0034
6049.45,5918.41,6360.83,6109.56,2.37,0.0724,396.77,374.25,400.93,390.65,5.12,0.07,6202.68,363.31,0.0,366.05,54.37,0.0,0.0586,0.0,0.1485,0.0,0.07,16.94,34.5,100.0,LLL,35.96,Three-Phase Symmetrical,1.81,LLL_0035
6263.66,6244.05,5883.14,6130.28,2.95,0.0621,267.05,274.88,254.21,265.38,17.18,0.08,6214.9,298.62,0.0,248.53,35.59,0.0,0.048,0.0,0.1432,0.0,0.08,25.01,58.25,75.0,LLL,55.51,Three-Phase Symmetrical,0.84,LLL_0036
6105.35,6342.54,5974.13,6140.67,1.45,0.06,355.8,396.2,369.42,373.81,7.19,0.11,6205.59,361.99,0.0,350.1,51.37,0.0,0.0583,0.0,0.1467,0.0,0.11,17.73,44.94,100.0,LLL,36.93,Three-Phase Symmetrical,2.43,LLL_0037
6874.03,6539.66,6584.02,6665.9,1.5,0.0502,594.24,561.04,527.65,560.98,9.06,0.12,6735.24,336.07,0.0,524.42,75.69,0.0,0.0499,0.0,0.1443,0.0,0.12,12.84,26.32,50.0,LLL,27.84,Three-Phase Symmetrical,0.96,LLL_0038
11871.21,12715.65,11697.3,12094.72,38.61,0.0842,3912.72,4257.74,4021.6,4064.02,640.43,0.08,11767.2,1315.2,0.0,3813.45,508.78,0.0,0.1118,0.0,0.1334,0.0,0.08,3.09,4.12,50.0,LLL,3.4,Three-Phase Symmetrical,2.16,LLL_0039
6671.43,6935.81,6521.81,6709.68,1.77,0.0617,379.77,422.14,394.21,398.71,32.68,0.11,6778.88,411.39,0.0,373.52,54.86,0.0,0.0607,0.0,0.1469,0.0,0.11,18.15,45.52,50.0,LLL,37.35,Three-Phase Symmetrical,2.83,LLL_0040
16958.28,16858.4,17810.95,17209.21,11.52,0.0554,1118.26,1031.46,1156.43,1102.05,87.92,0.11,17413.77,963.03,0.0,1021.41,153.68,0.0,0.0553,0.0,0.1505,0.0,0.11,17.05,33.86,50.0,LLL,35.46,Three-Phase Symmetrical,2.14,LLL_0041
6598.49,6565.57,6899.5,6687.85,1.11,0.0499,485.67,447.44,503.2,478.77,8.68,0.12,6757.97,342.44,0.0,447.69,64.78,0.0,0.0507,0.0,0.1447,0.0,0.12,15.1,30.96,100.0,LLL,32.61,Three-Phase Symmetrical,1.21,LLL_0042
6310.65,6004.16,6045.04,6119.95,0.96,0.0501,485.66,458.55,431.26,458.49,8.43,0.12,6183.68,308.14,0.0,428.62,61.88,0.0,0.0498,0.0,0.1444,0.0,0.12,14.43,29.57,50.0,LLL,31.28,Three-Phase Symmetrical,1.07,LLL_0043
6480.32,6835.07,6779.15,6698.18,2.4,0.053,419.62,446.37,469.3,445.1,8.59,0.11,6769.78,392.42,0.0,416.88,61.15,0.0,0.058,0.0,0.1467,0.0,0.11,16.24,38.48,75.0,LLL,33.9,Three-Phase Symmetrical,2.18,LLL_0044
5856.66,6297.01,6214.21,6122.63,3.39,0.0719,317.88,331.44,341.73,330.35,6.97,0.07,6216.08,373.94,0.0,309.52,46.12,0.0,0.0602,0.0,0.149,0.0,0.07,20.08,50.0,50.0,LLL,42.3,Three-Phase Symmetrical,2.38,LLL_0045
6350.54,6162.77,5983.58,6165.63,5.78,0.0595,1528.64,1545.9,1388.24,1487.59,34.44,0.11,6231.02,346.1,0.0,1392.39,203.29,0.0,0.0555,0.0,0.146,0.0,0.11,4.48,9.65,30.0,LLL,9.46,Three-Phase Symmetrical,0.52,LLL_0046
6093.61,6061.28,6323.43,6159.44,0.01,0.0426,222.85,204.67,232.97,220.16,6.28,0.13,6214.63,246.9,0.0,203.32,28.41,0.0,0.0397,0.0,0.1397,0.0,0.13,30.57,64.05,100.0,LLL,68.41,Three-Phase Symmetrical,0.21,LLL_0047
6755.89,6534.09,6855.34,6715.11,1.59,0.0478,353.66,312.18,342.93,336.26,4.14,0.12,6777.31,287.08,0.0,313.38,43.88,0.0,0.0424,0.0,0.14,0.0,0.12,21.63,43.87,75.0,LLL,48.34,Three-Phase Symmetrical,0.5,LLL_0048
6528.32,6507.65,6902.43,6646.13,1.99,0.0594,623.13,578.87,640.91,614.3,14.25,0.1,6702.71,454.42,0.0,575.78,83.98,0.0,0.0678,0.0,0.1459,0.0,0.1,11.64,22.5,100.0,LLL,22.97,Three-Phase Symmetrical,2.54,LLL_0049
6718.39,6189.89,6380.94,6429.74,6.77,0.0822,1386.99,1336.22,1293.51,1338.91,31.77,0.07,6496.92,500.6,0.0,1251.91,184.98,0.0,0.0771,0.0,0.1478,0.0,0.07,5.19,9.23,75.0,LLL,9.9,Three-Phase Symmetrical,1.37,LLL_0050
6693.96,6433.31,6941.71,6689.66,3.11,0.076,373.29,348.9,370.11,364.1,7.71,0.07,6791.64,411.75,0.0,341.14,50.87,0.0,0.0606,0.0,0.1491,0.0,0.07,19.91,39.38,75.0,LLL,41.84,Three-Phase Symmetrical,2.43,LLL_0051
18927.36,18485.67,18023.64,18478.89,5.4,0.0489,504.07,507.08,450.88,487.34,29.18,0.12,18646.67,785.77,0.0,453.97,63.27,0.0,0.0421,0.0,0.1394,0.0,0.12,41.07,93.86,100.0,LLL,91.91,Three-Phase Symmetrical,0.93,LLL_0052
11899.75,11788.9,12487.46,12058.7,38.12,0.0579,3573.5,3284.95,3722.55,3527.0,233.31,0.12,12165.43,652.78,0.0,3289.09,463.37,0.0,0.0537,0.0,0.1409,0.0,0.12,3.7,7.44,50.0,LLL,7.91,Three-Phase Symmetrical,0.42,LLL_0053
17576.65,17675.43,16806.34,17352.81,11.79,0.0501,1013.21,1092.03,969.34,1024.86,36.36,0.12,17524.22,844.13,0.0,956.77,136.29,0.0,0.0482,0.0,0.1424,0.0,0.12,18.32,44.96,50.0,LLL,40.03,Three-Phase Symmetrical,1.19,LLL_0054
15919.15,16426.54,15300.86,15882.18,19.69,0.0709,1645.83,1746.57,1622.21,1671.54,66.73,0.07,16097.44,795.4,0.0,1564.76,221.8,0.0,0.0494,0.0,0.1417,0.0,0.07,10.29,25.75,30.0,LLL,22.74,Three-Phase Symmetrical,0.49,LLL_0055
6247.17,6277.02,5976.68,6166.96,1.41,0.0487,231.12,249.01,221.53,233.89,3.96,0.12,6230.05,298.88,0.0,218.52,31.37,0.0,0.048,0.0,0.1436,0.0,0.12,28.51,70.0,75.0,LLL,62.3,Three-Phase Symmetrical,1.74,LLL_0056
14012.86,14835.52,13658.17,14168.85,28.31,0.0831,2597.18,2839.39,2677.07,2704.55,329.26,0.09,14046.43,1343.13,0.0,2536.32,350.57,0.0,0.0956,0.0,0.1382,0.0,0.09,5.54,10.34,100.0,LLL,8.49,Three-Phase Symmetrical,2.77,LLL_0057
6446.18,6642.42,6821.09,6636.56,2.91,0.0565,661.13,653.25,724.6,679.66,20.75,0.1,6706.64,348.1,0.0,635.69,92.24,0.0,0.0519,0.0,0.1451,0.0,0.1,10.55,23.16,75.0,LLL,22.67,Three-Phase Symmetrical,0.94,LLL_0058
12706.01,13654.27,13864.12,13408.13,33.31,0.0864,3048.05,3085.32,3251.56,3128.31,291.51,0.07,13271.84,1388.96,0.0,2922.23,413.9,0.0,0.1047,0.0,0.1416,0.0,0.07,4.54,7.91,30.0,LLL,6.57,Three-Phase Symmetrical,2.47,LLL_0059
6555.75,6231.38,6456.88,6414.67,1.88,0.0506,434.83,389.22,396.27,406.77,12.01,0.11,6478.11,296.73,0.0,379.7,54.02,0.0,0.0458,0.0,0.1423,0.0,0.11,17.06,34.21,50.0,LLL,37.62,Three-Phase Symmetrical,0.79,LLL_0060
952.63,952.63,952.63,952.63,95.0,0.0,0.0,0.0,0.0,0.0,0.0,0.0,952.63,0.0,0.0,0.0,0.0,0.0,0.0,0.0,0.0,0.0,0.0,952630000.0,28.61,75.0,OPEN_CIRCUIT,28.61,Three-Phase Open,0.0,OPEN_CIRCUIT_0001
965.9,937.41,954.35,952.55,95.08,0.0299,0.0,0.0,0.0,0.0,0.0,0.0,952.63,3.83,0.0,0.0,0.0,0.0,0.004,0.0,0.0,0.0,0.0,952630000.0,26.99,75.0,OPEN_CIRCUIT,26.99,Three-Phase Open,0.0,OPEN_CIRCUIT_0002
303.11,303.11,303.11,303.11,95.0,0.0,0.0,0.0,0.0,0.0,0.0,0.0,303.11,0.0,0.0,0.0,0.0,0.0,0.0,0.0,0.0,0.0,0.0,303110000.0,41.07,50.0,OPEN_CIRCUIT,41.07,Three-Phase Open,0.0,OPEN_CIRCUIT_0003
6075.51,6156.53,892.91,4374.98,85.27,1.2031,83.7,86.48,0.0,56.73,1.02,1.52,4351.34,1734.76,1710.84,56.69,28.47,28.21,0.3987,0.3932,0.5022,0.4976,1.52,76.76,7.68,30.0,OPEN_CIRCUIT,7.54,Phase C Open,0.0,OPEN_CIRCUIT_0004
18697.23,19125.12,2899.48,13573.94,84.78,1.1954,16.71,16.46,0.0,11.06,1.0,1.51,13649.04,5385.06,5403.57,11.13,5.53,5.6,0.3945,0.3959,0.4969,0.5031,1.51,1226.33,48.75,75.0,OPEN_CIRCUIT,49.46,Phase C Open,0.0,OPEN_CIRCUIT_0005
6578.28,6570.69,1015.16,4721.38,84.71,1.1783,36.65,35.48,0.0,24.04,1.01,1.52,4751.96,1865.12,1887.57,24.08,11.98,12.1,0.3925,0.3972,0.4975,0.5025,1.52,197.34,10.39,30.0,OPEN_CIRCUIT,10.58,Phase C Open,0.0,OPEN_CIRCUIT_0006
6639.53,6639.53,995.93,4758.33,85.0,1.186,21.67,21.67,0.0,14.45,1.0,1.5,4758.33,1881.2,1881.2,14.44,7.22,7.22,0.3953,0.3953,0.5,0.5,1.5,329.52,22.81,30.0,OPEN_CIRCUIT,23.25,Phase C Open,0.0,OPEN_CIRCUIT_0007
19333.86,2867.85,18699.32,13633.68,84.95,1.2077,10.85,0.0,10.73,7.19,1.0,1.51,13663.26,5420.99,5389.35,7.25,3.61,3.64,0.3968,0.3944,0.4979,0.5021,1.51,1884.59,72.47,100.0,OPEN_CIRCUIT,71.31,Phase B Open,0.0,OPEN_CIRCUIT_0008
18964.45,18781.84,2910.9,13552.4,84.72,1.1846,16.38,15.9,0.0,10.76,1.01,1.52,13633.73,5346.13,5418.84,10.79,5.37,5.43,0.3921,0.3975,0.4977,0.5032,1.52,1263.55,15.72,50.0,OPEN_CIRCUIT,15.72,Phase C Open,0.0,OPEN_CIRCUIT_0009
6639.53,995.93,6639.53,4758.33,85.0,1.186,29.47,0.0,29.47,19.65,1.0,1.5,4758.33,1881.2,1881.2,19.64,9.82,9.82,0.3953,0.3953,0.5,0.5,1.5,242.28,32.55,75.0,OPEN_CIRCUIT,32.13,Phase B Open,0.0,OPEN_CIRCUIT_0010
891.69,6137.85,6102.34,4377.29,85.29,1.1985,0.0,84.72,86.84,57.19,1.02,1.52,4349.48,1730.09,1712.71,56.93,28.63,28.3,0.3978,0.3938,0.5029,0.4971,1.52,76.4,53.38,100.0,OPEN_CIRCUIT,52.69,Phase A Open,0.0,OPEN_CIRCUIT_0011
2857.88,19052.56,19052.56,13654.33,85.0,1.186,0.0,11.79,11.79,7.86,1.0,1.5,13654.33,5398.23,5398.23,7.86,3.93,3.93,0.3953,0.3953,0.5,0.5,1.5,1737.19,14.91,30.0,OPEN_CIRCUIT,14.66,Phase A Open,0.0,OPEN_CIRCUIT_0012
317.54,317.54,317.54,317.54,95.0,0.0,0.0,0.0,0.0,0.0,0.0,0.0,317.54,0.0,0.0,0.0,0.0,0.0,0.0,0.0,0.0,0.0,0.0,317540000.0,4.99,30.0,OPEN_CIRCUIT,4.99,Three-Phase Open,0.0,OPEN_CIRCUIT_0013
316.07,313.03,323.43,317.51,95.07,0.0328,0.0,0.0,0.0,0.0,0.0,0.0,317.54,1.28,0.0,0.0,0.0,0.0,0.004,0.0,0.0,0.0,0.0,317540000.0,3.31,50.0,OPEN_CIRCUIT,3.31,Three-Phase Open,0.0,OPEN_CIRCUIT_0014
18910.88,2912.61,18824.0,13549.16,84.71,1.1808,7.75,0.0,7.92,5.22,1.0,1.52,13638.28,5357.72,5414.31,5.25,2.61,2.64,0.3928,0.397,0.4971,0.5029,1.52,2597.77,66.45,75.0,OPEN_CIRCUIT,67.77,Phase B Open,0.0,OPEN_CIRCUIT_0015
1010.63,6662.69,6516.43,4729.92,84.78,1.195,0.0,41.21,39.92,27.04,1.02,1.52,4750.81,1862.17,1888.72,26.95,13.45,13.5,0.392,0.3976,0.4991,0.5009,1.52,176.28,6.78,100.0,OPEN_CIRCUIT,6.72,Phase A Open,0.0,OPEN_CIRCUIT_0016
305.21,306.82,297.21,303.08,95.1,0.0317,0.0,0.0,0.0,0.0,0.0,0.0,303.11,1.22,0.0,0.0,0.0,0.0,0.004,0.0,0.0,0.0,0.0,303110000.0,83.89,100.0,OPEN_CIRCUIT,83.89,Three-Phase Open,0.0,OPEN_CIRCUIT_0017
303.11,303.11,303.11,303.11,95.0,0.0,0.0,0.0,0.0,0.0,0.0,0.0,303.11,0.0,0.0,0.0,0.0,0.0,0.0,0.0,0.0,0.0,0.0,303110000.0,16.12,100.0,OPEN_CIRCUIT,16.12,Three-Phase Open,0.0,OPEN_CIRCUIT_0018
19052.56,2857.88,19052.56,13654.33,85.0,1.186,22.1,0.0,22.1,14.73,1.0,1.5,13654.33,5398.23,5398.23,14.74,7.37,7.37,0.3953,0.3953,0.5,0.5,1.5,926.35,21.61,50.0,OPEN_CIRCUIT,21.35,Phase B Open,0.0,OPEN_CIRCUIT_0019
2857.88,19052.56,19052.56,13654.33,85.0,1.186,0.0,18.92,18.92,12.61,1.0,1.5,13654.33,5398.23,5398.23,12.61,6.31,6.31,0.3953,0.3953,0.5004,0.5004,1.5,1082.82,18.52,50.0,OPEN_CIRCUIT,18.61,Phase A Open,0.0,OPEN_CIRCUIT_0020
6639.53,6639.53,995.93,4758.33,85.0,1.186,11.34,11.34,0.0,7.56,1.0,1.5,4758.33,1881.2,1881.2,7.56,3.78,3.78,0.3953,0.3953,0.5,0.5,1.5,629.41,23.63,30.0,OPEN_CIRCUIT,24.05,Phase C Open,0.0,OPEN_CIRCUIT_0021
5962.31,908.36,6166.76,4345.81,85.02,1.21,65.71,0.0,66.73,44.15,1.02,1.51,4340.96,1708.57,1721.23,43.81,21.97,21.84,0.3936,0.3965,0.5015,0.4985,1.51,99.09,21.75,75.0,OPEN_CIRCUIT,21.58,Phase B Open,0.0,OPEN_CIRCUIT_0022
6762.07,981.55,6610.95,4784.86,85.22,1.2081,72.37,0.0,70.15,47.51,1.01,1.52,4810.48,1854.6,1829.06,48.03,23.53,23.52,0.3855,0.3802,0.4899,0.4897,1.52,100.16,1.79,30.0,OPEN_CIRCUIT,1.76,Phase B Open,0.0,OPEN_CIRCUIT_0023
5944.6,920.68,6102.34,4322.54,84.81,1.1988,82.88,0.0,85.36,56.08,1.02,1.52,4337.9,1700.78,1724.28,55.82,27.89,27.93,0.3921,0.3975,0.4996,0.5004,1.52,77.71,40.87,100.0,OPEN_CIRCUIT,41.02,Phase B Open,0.0,OPEN_CIRCUIT_0024
6350.85,952.63,6350.85,4551.44,85.0,1.186,21.5,0.0,21.5,14.33,1.0,1.5,4551.44,1799.41,1799.41,14.33,7.17,7.17,0.3953,0.3953,0.5003,0.5003,1.5,317.62,7.28,50.0,OPEN_CIRCUIT,7.17,Phase B Open,0.0,OPEN_CIRCUIT_0025
995.93,6639.53,6639.53,4758.33,85.0,1.186,0.0,71.17,71.17,47.45,1.0,1.5,4758.33,1881.2,1881.2,47.45,23.72,23.72,0.3953,0.3953,0.4999,0.4999,1.5,100.28,23.86,50.0,OPEN_CIRCUIT,24.24,Phase A Open,0.0,OPEN_CIRCUIT_0026
6062.18,6062.18,909.33,4344.56,85.0,1.186,89.89,89.89,0.0,59.93,1.0,1.5,4344.56,1717.62,1717.62,59.93,29.96,29.96,0.3953,0.3953,0.4999,0.4999,1.5,72.49,39.48,75.0,OPEN_CIRCUIT,38.79,Phase C Open,0.0,OPEN_CIRCUIT_0027
952.63,952.63,952.63,952.63,95.0,0.0,0.0,0.0,0.0,0.0,0.0,0.0,952.63,0.0,0.0,0.0,0.0,0.0,0.0,0.0,0.0,0.0,0.0,952630000.0,1.81,30.0,OPEN_CIRCUIT,1.81,Three-Phase Open,0.0,OPEN_CIRCUIT_0028
2804.59,19125.12,19329.85,13753.19,85.28,1.2016,0.0,9.41,9.67,6.36,1.02,1.52,13675.21,5451.04,5377.35,6.34,3.19,3.15,0.3986,0.3932,0.5032,0.4968,1.52,2156.97,15.34,30.0,OPEN_CIRCUIT,15.19,Phase A Open,0.0,OPEN_CIRCUIT_0029
2857.88,19052.56,19052.56,13654.33,85.0,1.186,0.0,26.51,26.51,17.67,1.0,1.5,13654.33,5398.23,5398.23,17.67,8.84,8.84,0.3953,0.3953,0.5003,0.5003,1.5,772.74,28.14,30.0,OPEN_CIRCUIT,27.98,Phase A Open,0.0,OPEN_CIRCUIT_0030
5969.41,925.73,6043.89,4313.01,84.73,1.1867,82.82,0.0,85.61,56.14,1.01,1.52,4337.85,1700.64,1724.33,56.19,27.97,28.22,0.392,0.3975,0.4978,0.5022,1.52,77.2,91.52,100.0,OPEN_CIRCUIT,90.53,Phase B Open,0.0,OPEN_CIRCUIT_0031
19404.21,18777.51,2845.58,13675.77,85.06,1.2108,24.49,24.4,0.0,16.3,1.01,1.5,13693.54,5341.79,5359.91,16.34,7.95,7.87,0.3901,0.3914,0.4865,0.4816,1.5,838.04,2.63,50.0,OPEN_CIRCUIT,2.6,Phase C Open,0.0,OPEN_CIRCUIT_0032
6062.18,909.33,6062.18,4344.56,85.0,1.186,85.93,0.0,85.93,57.29,1.0,1.5,4344.56,1717.62,1717.62,57.29,28.64,28.64,0.3953,0.3953,0.4999,0.4999,1.5,75.83,14.89,100.0,OPEN_CIRCUIT,14.63,Phase B Open,0.0,OPEN_CIRCUIT_0033
323.4,312.96,316.18,317.51,95.07,0.0329,0.0,0.0,0.0,0.0,0.0,0.0,390.23,71.42,0.0,0.25,0.25,0.0,0.183,0.0,1.0,0.0,0.0,1560.92,22.19,30.0,OPEN_CIRCUIT,22.35,Three-Phase Open,0.0,OPEN_CIRCUIT_0034
5962.31,6055.74,925.01,4314.35,84.74,1.1892,81.42,79.96,0.0,53.79,1.0,1.51,4341.26,1709.34,1720.93,54.14,26.91,27.23,0.3937,0.3964,0.497,0.503,1.51,80.19,34.17,50.0,OPEN_CIRCUIT,33.63,Phase C Open,0.0,OPEN_CIRCUIT_0035
998.12,6742.87,6519.68,4753.56,84.97,1.2085,0.0,42.71,41.76,28.16,1.02,1.52,4753.37,1868.7,1886.17,27.97,14.01,13.97,0.3931,0.3968,0.5009,0.4995,1.52,169.95,15.04,50.0,OPEN_CIRCUIT,14.81,Phase A Open,0.0,OPEN_CIRCUIT_0036
6673.23,6513.15,1009.55,4731.98,84.79,1.1969,61.06,59.03,0.0,40.03,1.02,1.53,4750.9,1862.4,1888.63,40.02,19.93,20.09,0.392,0.3975,0.498,0.502,1.53,118.71,11.34,50.0,OPEN_CIRCUIT,11.54,Phase C Open,0.0,OPEN_CIRCUIT_0037
6411.61,6225.73,962.01,4533.12,84.85,1.2022,65.73,63.66,0.0,43.13,1.02,1.52,4544.89,1782.84,1805.97,42.99,21.46,21.53,0.3923,0.3974,0.4992,0.5008,1.52,105.72,58.35,100.0,OPEN_CIRCUIT,57.45,Phase C Open,0.0,OPEN_CIRCUIT_0038
19099.89,2854.33,19028.85,13661.02,85.02,1.1892,19.15,0.0,19.09,12.75,1.0,1.5,13654.33,5398.23,5398.23,12.76,6.38,6.38,0.3953,0.3953,0.5,0.5,1.5,1070.09,4.79,50.0,OPEN_CIRCUIT,4.89,Phase B Open,0.0,OPEN_CIRCUIT_0039
891.69,6137.85,6102.34,4377.29,85.29,1.1985,0.0,28.87,29.58,19.48,1.02,1.52,4349.48,1730.09,1712.71,19.39,9.75,9.64,0.3978,0.3938,0.5028,0.4972,1.52,224.32,59.68,75.0,OPEN_CIRCUIT,58.7,Phase A Open,0.0,OPEN_CIRCUIT_0040
19052.56,19052.56,2857.88,13654.33,85.0,1.186,16.43,16.43,0.0,10.95,1.0,1.5,13654.33,5398.23,5398.23,10.96,5.48,5.48,0.3953,0.3953,0.5,0.5,1.5,1245.83,50.77,75.0,OPEN_CIRCUIT,50.52,Phase C Open,0.0,OPEN_CIRCUIT_0041
6062.18,6062.18,909.33,4344.56,85.0,1.186,77.3,77.3,0.0,51.53,1.0,1.5,4344.56,1717.62,1717.62,51.53,25.77,25.77,0.3953,0.3953,0.5001,0.5001,1.5,84.31,78.24,100.0,OPEN_CIRCUIT,79.7,Phase C Open,0.0,OPEN_CIRCUIT_0042
6350.85,952.63,6350.85,4551.44,85.0,1.186,36.96,0.0,36.96,24.64,1.0,1.5,4551.44,1799.41,1799.41,24.64,12.32,12.32,0.3953,0.3953,0.5,0.5,1.5,184.72,6.58,30.0,OPEN_CIRCUIT,6.55,Phase B Open,0.0,OPEN_CIRCUIT_0043
6350.85,6350.85,952.63,4551.44,85.0,1.186,60.08,60.08,0.0,40.05,1.0,1.5,4551.44,1799.41,1799.41,40.05,20.03,20.03,0.3953,0.3953,0.5001,0.5001,1.5,113.64,34.79,75.0,OPEN_CIRCUIT,35.23,Phase C Open,0.0,OPEN_CIRCUIT_0044
338.26,329.92,327.66,331.95,95.07,0.0319,0.0,0.0,0.0,0.0,0.0,0.0,331.98,1.33,0.0,0.0,0.0,0.0,0.004,0.0,0.0,0.0,0.0,331980000.0,22.67,30.0,OPEN_CIRCUIT,22.67,Three-Phase Open,0.0,OPEN_CIRCUIT_0045
19052.56,2857.88,19052.56,13654.33,85.0,1.186,12.27,0.0,12.27,8.18,1.0,1.5,13654.33,5398.23,5398.23,8.18,4.09,4.09,0.3953,0.3953,0.5,0.5,1.5,1669.23,26.53,75.0,OPEN_CIRCUIT,26.1,Phase B Open,0.0,OPEN_CIRCUIT_0046
909.33,6062.18,6062.18,4344.56,85.0,1.186,0.0,67.83,67.83,45.22,1.0,1.5,4344.56,1717.62,1717.62,45.22,22.61,22.61,0.3953,0.3953,0.5,0.5,1.5,96.08,46.56,50.0,OPEN_CIRCUIT,45.65,Phase A Open,0.0,OPEN_CIRCUIT_0047
6639.53,6639.53,995.93,4758.33,85.0,1.186,75.32,75.32,0.0,50.21,1.0,1.5,4758.33,1881.2,1881.2,50.21,25.11,25.11,0.3953,0.3953,0.5001,0.5001,1.5,94.77,39.01,75.0,OPEN_CIRCUIT,38.47,Phase C Open,0.0,OPEN_CIRCUIT_0048
6062.18,6062.18,909.33,4344.56,85.0,1.186,24.35,24.35,0.0,16.23,1.0,1.5,4345.52,1716.67,1716.67,16.27,8.08,8.08,0.395,0.395,0.4966,0.4966,1.5,267.09,18.28,30.0,OPEN_CIRCUIT,18.43,Phase C Open,0.0,OPEN_CIRCUIT_0049
938.05,6465.39,6331.7,4578.38,85.23,1.2073,0.0,58.59,58.61,39.07,1.01,1.5,4553.51,1804.71,1797.36,38.76,19.47,19.28,0.3963,0.3947,0.5023,0.4974,1.5,117.48,3.54,50.0,OPEN_CIRCUIT,3.57,Phase A Open,0.0,OPEN_CIRCUIT_0050
6468.07,6259.17,948.53,4558.59,85.06,1.2108,44.77,44.32,0.0,29.7,1.01,1.51,4564.51,1780.6,1786.64,29.76,14.51,14.38,0.3901,0.3914,0.4876,0.4832,1.51,153.38,43.96,100.0,OPEN_CIRCUIT,43.97,Phase C Open,0.0,OPEN_CIRCUIT_0051
6062.18,909.33,6062.18,4344.56,85.0,1.186,41.79,0.0,41.79,27.86,1.0,1.5,4344.56,1717.62,1717.62,27.86,13.93,13.93,0.3953,0.3953,0.5,0.5,1.5,155.94,57.23,75.0,OPEN_CIRCUIT,56.87,Phase B Open,0.0,OPEN_CIRCUIT_0052
6092.95,892.02,6145.06,4376.68,85.29,1.2002,27.12,0.0,26.42,17.85,1.02,1.52,4349.05,1729.02,1713.14,17.78,8.94,8.84,0.3976,0.3939,0.5028,0.4972,1.52,244.6,78.19,100.0,OPEN_CIRCUIT,76.71,Phase B Open,0.0,OPEN_CIRCUIT_0053
331.98,331.98,331.98,331.98,95.0,0.0,0.0,0.0,0.0,0.0,0.0,0.0,331.98,0.0,0.0,0.0,0.0,0.0,0.0,0.0,0.0,0.0,0.0,331980000.0,2.63,30.0,OPEN_CIRCUIT,2.63,Three-Phase Open,0.0,OPEN_CIRCUIT_0054
995.93,6639.53,6639.53,4758.33,85.0,1.186,0.0,41.22,41.22,27.48,1.0,1.5,4758.33,1881.2,1881.2,27.48,13.74,13.74,0.3953,0.3953,0.5,0.5,1.5,173.16,9.68,50.0,OPEN_CIRCUIT,9.74,Phase A Open,0.0,OPEN_CIRCUIT_0055
6167.62,908.06,5963.42,4346.37,85.02,1.2101,70.2,0.0,69.29,46.5,1.0,1.51,4348.88,1728.58,1713.31,46.87,23.36,23.51,0.3975,0.394,0.4984,0.5016,1.51,92.79,8.42,30.0,OPEN_CIRCUIT,8.27,Phase B Open,0.0,OPEN_CIRCUIT_0056
6350.85,6350.85,952.63,4551.44,85.0,1.186,36.98,36.98,0.0,24.65,1.0,1.5,4551.44,1799.41,1799.41,24.65,12.33,12.33,0.3953,0.3953,0.5002,0.5002,1.5,184.64,16.5,50.0,OPEN_CIRCUIT,16.8,Phase C Open,0.0,OPEN_CIRCUIT_0057
6608.83,981.78,6762.69,4784.43,85.21,1.2083,89.41,0.0,88.16,59.19,1.02,1.51,4759.88,1885.19,1879.67,58.79,29.57,29.22,0.3961,0.3949,0.503,0.497,1.51,80.96,20.78,75.0,OPEN_CIRCUIT,20.37,Phase B Open,0.0,OPEN_CIRCUIT_0058
6762.07,981.55,6610.95,4784.86,85.22,1.2081,47.77,0.0,46.23,31.33,1.01,1.52,4810.48,1854.6,1829.06,31.67,15.49,15.46,0.3855,0.3802,0.4891,0.4882,1.52,151.89,35.97,75.0,OPEN_CIRCUIT,36.62,Phase B Open,0.0,OPEN_CIRCUIT_0059
6468.07,6259.17,948.53,4558.59,85.06,1.2108,68.79,67.86,0.0,45.55,1.02,1.51,4564.51,1780.6,1786.64,45.64,22.27,22.09,0.3901,0.3914,0.4879,0.484,1.51,100.01,25.82,30.0,OPEN_CIRCUIT,25.59,Phase C Open,0.0,OPEN_CIRCUIT_0060
6427.06,6293.87,6074.53,6265.15,4.35,0.0563,230.98,211.43,199.61,214.01,4.23,0.15,6330.19,205.12,94.55,199.17,20.82,9.6,0.0324,0.0149,0.1045,0.0482,0.15,31.78,71.78,100.0,SHORT_CIRCUIT,63.85,Three-Phase Shunt Short,1.87,SHORT_CIRCUIT_0001
6335.35,6464.45,6472.35,6424.05,4.58,0.0213,389.54,356.67,397.64,381.28,8.64,0.11,6481.16,254.53,74.34,356.39,51.43,15.02,0.0393,0.0115,0.1443,0.0421,0.11,18.19,41.53,100.0,SHORT_CIRCUIT,37.75,Three-Phase Shunt Short,0.23,SHORT_CIRCUIT_0002
6173.05,6078.79,5799.3,6017.05,8.68,0.0621,331.14,308.29,307.52,315.65,6.69,0.07,6039.86,281.17,138.38,294.69,27.29,13.43,0.0466,0.0229,0.0926,0.0456,0.07,20.5,43.44,50.0,SHORT_CIRCUIT,35.62,Three-Phase Shunt Short,5.85,SHORT_CIRCUIT_0003
5511.5,5461.95,5494.62,5489.36,9.9,0.009,336.29,294.42,323.82,318.18,7.25,0.13,5392.76,324.64,163.18,297.27,25.04,12.8,0.0602,0.0303,0.0842,0.0431,0.13,18.14,31.7,50.0,SHORT_CIRCUIT,25.8,Three-Phase Shunt Short,9.52,SHORT_CIRCUIT_0004
6778.19,6257.92,6552.54,6529.55,5.75,0.0797,267.06,205.48,220.12,230.89,4.19,0.27,6604.56,428.28,127.23,216.68,39.87,11.84,0.0648,0.0193,0.184,0.0546,0.27,30.48,55.02,75.0,SHORT_CIRCUIT,60.1,Three-Phase Shunt Short,3.23,SHORT_CIRCUIT_0005
6339.95,6238.87,5952.63,6177.15,10.35,0.0627,469.06,436.46,435.48,447.0,9.17,0.08,6198.69,289.22,143.12,417.34,38.47,19.04,0.0467,0.0231,0.0922,0.0456,0.08,14.85,31.38,50.0,SHORT_CIRCUIT,25.74,Three-Phase Shunt Short,4.3,SHORT_CIRCUIT_0006
5669.41,5619.05,5363.96,5550.81,11.52,0.055,626.55,585.72,583.16,598.48,12.31,0.07,5588.2,244.59,115.63,558.58,53.48,25.28,0.0438,0.0207,0.0957,0.0453,0.07,10.0,22.03,75.0,SHORT_CIRCUIT,18.03,Three-Phase Shunt Short,2.32,SHORT_CIRCUIT_0007
6594.83,5935.98,6062.6,6197.8,6.53,0.1063,217.04,179.87,182.09,193.0,2.99,0.19,6296.67,469.94,139.88,181.08,31.99,9.98,0.0746,0.0222,0.1767,0.0551,0.19,34.77,61.59,100.0,SHORT_CIRCUIT,65.77,Three-Phase Shunt Short,5.8,SHORT_CIRCUIT_0008
6294.13,5899.85,6123.95,6105.98,7.1,0.0646,508.7,388.3,417.73,438.24,23.52,0.27,6170.83,326.28,99.15,410.19,73.76,22.41,0.0529,0.0161,0.1798,0.0546,0.27,15.04,28.07,50.0,SHORT_CIRCUIT,30.83,Three-Phase Shunt Short,0.57,SHORT_CIRCUIT_0009
18036.77,17035.71,18027.19,17699.89,10.59,0.0566,646.66,489.33,563.12,566.37,25.03,0.28,17890.17,1134.01,311.74,531.8,101.78,27.98,0.0634,0.0174,0.1914,0.0526,0.28,33.64,61.87,75.0,SHORT_CIRCUIT,67.69,Three-Phase Shunt Short,2.68,SHORT_CIRCUIT_0010
6388.1,5694.02,5660.19,5914.1,10.88,0.1231,385.41,332.29,328.92,348.87,6.88,0.16,5949.44,519.67,176.9,326.23,50.22,17.69,0.0873,0.0297,0.1539,0.0542,0.16,18.24,30.26,50.0,SHORT_CIRCUIT,30.54,Three-Phase Shunt Short,6.18,SHORT_CIRCUIT_0011
5753.78,4803.12,5087.68,5214.86,20.77,0.1823,497.62,413.48,435.0,448.7,10.73,0.19,5082.95,454.55,245.18,435.67,40.59,21.89,0.0894,0.0482,0.0932,0.0502,0.19,11.67,6.96,30.0,SHORT_CIRCUIT,6.96,Three-Phase Shunt Short,10.33,SHORT_CIRCUIT_0012
5566.48,5555.9,5594.91,5572.43,8.35,0.007,390.98,347.74,382.35,373.69,7.75,0.12,5535.25,381.02,141.21,350.51,39.81,14.76,0.0688,0.0255,0.1136,0.0421,0.12,15.79,30.0,30.0,SHORT_CIRCUIT,25.2,Three-Phase Shunt Short,6.42,SHORT_CIRCUIT_0013
5883.1,5375.88,5178.49,5479.16,14.58,0.1286,495.3,440.13,435.51,456.98,8.78,0.13,5475.35,436.45,173.67,426.71,54.39,22.43,0.0797,0.0317,0.1275,0.0526,0.13,12.83,21.37,30.0,SHORT_CIRCUIT,20.34,Three-Phase Shunt Short,5.2,SHORT_CIRCUIT_0014
6183.19,5698.97,5759.33,5880.5,5.99,0.0823,335.92,275.14,280.53,297.2,14.24,0.2,5971.37,330.58,99.96,278.82,47.28,15.3,0.0554,0.0167,0.1696,0.0549,0.2,21.42,40.38,50.0,SHORT_CIRCUIT,43.45,Three-Phase Shunt Short,1.1,SHORT_CIRCUIT_0015
5313.36,5317.01,5165.38,5265.25,14.79,0.0288,827.15,762.55,799.57,796.42,12.93,0.08,5251.01,276.82,127.72,745.01,69.31,31.98,0.0527,0.0243,0.093,0.0429,0.08,7.05,14.49,30.0,SHORT_CIRCUIT,11.63,Three-Phase Shunt Short,2.54,SHORT_CIRCUIT_0016
16643.99,16852.31,16869.59,16788.63,12.64,0.0134,662.01,579.23,638.36,626.53,61.7,0.13,16702.8,1110.7,429.66,583.24,61.83,24.51,0.0665,0.0257,0.106,0.042,0.13,28.64,55.85,75.0,SHORT_CIRCUIT,45.05,Three-Phase Shunt Short,11.9,SHORT_CIRCUIT_0017
17380.63,17793.16,17835.05,17669.61,8.78,0.0257,523.75,469.73,523.74,505.74,38.8,0.11,17820.44,1060.97,310.43,473.99,67.24,19.67,0.0595,0.0174,0.1419,0.0415,0.11,37.6,75.0,75.0,SHORT_CIRCUIT,70.47,Three-Phase Shunt Short,6.97,SHORT_CIRCUIT_0018
5358.72,4890.86,4957.16,5068.91,19.32,0.0923,700.49,622.72,649.8,657.67,14.77,0.12,4908.16,113.09,203.79,628.83,16.1,29.0,0.023,0.0415,0.0256,0.0461,0.12,7.81,8.04,50.0,SHORT_CIRCUIT,7.01,Three-Phase Shunt Short,6.15,SHORT_CIRCUIT_0019
5812.14,5223.88,5711.45,5582.49,13.83,0.1054,455.56,356.33,400.62,404.17,10.51,0.25,5567.08,582.85,167.19,381.0,67.18,19.27,0.1047,0.03,0.1763,0.0506,0.25,14.61,23.11,30.0,SHORT_CIRCUIT,23.73,Three-Phase Shunt Short,5.71,SHORT_CIRCUIT_0020
6385.9,6388.94,6628.39,6467.74,3.82,0.0375,229.38,192.33,223.41,215.04,4.19,0.17,6521.35,467.87,123.02,202.05,33.82,8.89,0.0717,0.0189,0.1674,0.044,0.17,32.28,63.82,100.0,SHORT_CIRCUIT,60.26,Three-Phase Shunt Short,6.3,SHORT_CIRCUIT_0021
16352.97,15050.95,14461.06,15288.33,24.1,0.1237,1176.29,1063.14,1069.01,1102.81,291.69,0.1,14901.25,1116.26,601.01,1034.2,94.16,52.07,0.0749,0.0403,0.091,0.0503,0.1,14.41,18.72,75.0,SHORT_CIRCUIT,16.9,Three-Phase Shunt Short,9.43,SHORT_CIRCUIT_0022
4963.91,4793.91,4884.87,4880.9,20.92,0.0348,1015.06,889.54,975.56,960.05,28.9,0.13,4743.5,260.93,165.18,901.37,61.73,39.5,0.055,0.0348,0.0685,0.0438,0.13,5.26,7.76,50.0,SHORT_CIRCUIT,6.41,Three-Phase Shunt Short,3.38,SHORT_CIRCUIT_0023
6074.38,5129.45,5581.26,5595.03,19.23,0.1689,480.8,385.98,415.05,427.28,6.41,0.22,5468.59,619.93,224.77,406.5,57.49,20.85,0.1134,0.0411,0.1414,0.0513,0.22,13.45,16.13,30.0,SHORT_CIRCUIT,16.34,Three-Phase Shunt Short,8.74,SHORT_CIRCUIT_0024
5692.55,4896.12,5395.54,5328.07,22.91,0.1495,828.33,666.19,738.86,744.46,17.17,0.22,5194.59,586.99,208.1,708.83,97.69,34.63,0.113,0.0401,0.1378,0.0489,0.22,7.33,8.62,30.0,SHORT_CIRCUIT,8.55,Three-Phase Shunt Short,4.94,SHORT_CIRCUIT_0025
6185.52,5574.44,5447.39,5735.78,10.14,0.1287,216.77,189.93,187.54,198.08,2.71,0.15,5751.23,484.52,177.54,185.07,26.1,9.9,0.0842,0.0309,0.141,0.0535,0.15,31.08,51.57,75.0,SHORT_CIRCUIT,50.61,Three-Phase Shunt Short,11.6,SHORT_CIRCUIT_0026
17272.15,17044.54,17834.33,17383.67,10.54,0.0454,543.26,456.81,525.57,508.55,31.52,0.17,17404.03,1473.18,410.46,477.71,74.84,20.85,0.0846,0.0236,0.1567,0.0436,0.17,36.43,67.41,100.0,SHORT_CIRCUIT,62.03,Three-Phase Shunt Short,11.93,SHORT_CIRCUIT_0027
5984.52,5487.72,5546.31,5672.85,17.35,0.0876,579.6,516.13,538.53,544.75,8.73,0.12,5495.37,139.44,224.29,520.11,14.88,23.93,0.0254,0.0408,0.0286,0.046,0.12,10.57,11.57,75.0,SHORT_CIRCUIT,10.03,Three-Phase Shunt Short,8.12,SHORT_CIRCUIT_0028
6482.07,6385.74,5996.19,6288.0,9.69,0.0773,271.46,247.29,251.61,256.79,9.9,0.09,6327.42,353.38,158.97,238.84,24.14,11.46,0.0558,0.0251,0.1011,0.048,0.09,26.49,50.0,50.0,SHORT_CIRCUIT,45.12,Three-Phase Shunt Short,8.23,SHORT_CIRCUIT_0029
5908.98,6106.43,6174.27,6063.23,6.96,0.0438,321.36,277.61,309.03,302.67,10.84,0.14,6129.61,379.11,108.91,282.56,38.97,11.64,0.0618,0.0178,0.1379,0.0412,0.14,21.69,47.37,50.0,SHORT_CIRCUIT,40.14,Three-Phase Shunt Short,4.34,SHORT_CIRCUIT_0030
15628.67,15815.1,15343.88,15595.88,19.47,0.0302,1206.42,1121.11,1177.35,1168.29,50.9,0.07,15632.91,871.18,348.99,1091.96,115.08,46.1,0.0557,0.0223,0.1054,0.0422,0.07,14.32,30.0,30.0,SHORT_CIRCUIT,24.4,Three-Phase Shunt Short,4.52,SHORT_CIRCUIT_0031
16590.25,15358.5,16737.58,16228.78,19.39,0.085,941.66,756.51,870.37,856.18,34.08,0.22,16104.44,1713.09,486.02,806.54,133.25,37.8,0.1064,0.0302,0.1652,0.0469,0.22,19.97,31.38,75.0,SHORT_CIRCUIT,30.61,Three-Phase Shunt Short,9.03,SHORT_CIRCUIT_0032
5789.15,5752.92,5406.52,5649.53,10.82,0.0677,548.03,495.62,495.02,512.89,12.64,0.1,5736.93,254.96,102.54,478.03,53.26,23.23,0.0444,0.0179,0.1114,0.0486,0.1,12.0,26.25,50.0,SHORT_CIRCUIT,23.07,Three-Phase Shunt Short,1.53,SHORT_CIRCUIT_0033
5959.08,5271.81,5800.45,5677.11,16.99,0.1211,711.19,564.1,610.73,628.67,12.04,0.23,5701.66,595.09,159.59,589.98,110.08,30.24,0.1044,0.028,0.1866,0.0513,0.23,9.66,15.68,75.0,SHORT_CIRCUIT,16.38,Three-Phase Shunt Short,3.23,SHORT_CIRCUIT_0034
5937.04,6039.21,5735.49,5903.91,9.69,0.0514,406.92,369.33,387.66,387.97,8.91,0.1,5940.46,306.25,135.45,360.66,34.53,16.09,0.0516,0.0228,0.0957,0.0446,0.1,16.47,35.37,75.0,SHORT_CIRCUIT,28.39,Three-Phase Shunt Short,4.87,SHORT_CIRCUIT_0035
6237.29,6398.38,6243.18,6292.95,1.79,0.0256,170.33,161.96,169.24,167.18,2.63,0.05,6353.68,230.43,82.24,156.05,18.16,6.48,0.0363,0.0129,0.1164,0.0415,0.05,40.72,98.51,100.0,SHORT_CIRCUIT,82.07,Three-Phase Shunt Short,2.43,SHORT_CIRCUIT_0036
6501.16,6135.09,5919.41,6185.22,6.79,0.0941,251.97,218.91,216.0,228.96,5.36,0.16,6287.01,351.38,122.35,214.05,30.58,11.37,0.0559,0.0195,0.1429,0.0531,0.16,29.37,57.3,75.0,SHORT_CIRCUIT,56.76,Three-Phase Shunt Short,3.67,SHORT_CIRCUIT_0037
5797.19,5554.57,5335.31,5562.36,15.99,0.083,692.75,634.78,637.04,654.86,23.04,0.09,5507.73,271.18,165.75,613.48,46.87,28.65,0.0492,0.0301,0.0764,0.0467,0.09,8.98,16.35,30.0,SHORT_CIRCUIT,13.65,Three-Phase Shunt Short,4.08,SHORT_CIRCUIT_0038
6041.24,5394.87,5290.41,5575.51,12.73,0.1347,355.83,311.67,307.87,325.12,16.83,0.15,5560.79,491.31,184.95,304.09,41.82,16.24,0.0884,0.0333,0.1375,0.0534,0.15,18.29,29.05,50.0,SHORT_CIRCUIT,28.46,Three-Phase Shunt Short,7.83,SHORT_CIRCUIT_0039
6123.64,5225.94,5748.68,5699.42,21.29,0.1575,885.7,709.96,751.58,782.41,12.67,0.22,5676.29,637.59,189.31,726.48,133.29,37.99,0.1123,0.0334,0.1835,0.0523,0.22,7.81,11.34,30.0,SHORT_CIRCUIT,11.79,Three-Phase Shunt Short,3.51,SHORT_CIRCUIT_0040
5677.12,4777.95,5347.84,5267.64,28.04,0.1707,1182.29,957.38,1069.8,1069.82,20.44,0.21,5077.55,468.91,218.11,1022.97,101.03,46.96,0.0923,0.043,0.0988,0.0459,0.21,4.96,3.86,30.0,SHORT_CIRCUIT,3.64,Three-Phase Shunt Short,4.19,SHORT_CIRCUIT_0041
17124.01,17632.0,16756.33,17170.78,12.05,0.051,659.96,600.02,627.25,629.08,25.55,0.1,17380.29,837.81,335.75,585.55,60.23,25.67,0.0482,0.0193,0.1029,0.0438,0.1,29.68,67.52,75.0,SHORT_CIRCUIT,54.23,Three-Phase Shunt Short,6.3,SHORT_CIRCUIT_0042
5685.85,5071.9,4949.59,5235.78,22.06,0.1406,858.95,765.98,764.9,796.61,10.41,0.12,5084.34,402.28,220.68,754.05,68.79,38.59,0.0791,0.0434,0.0912,0.0512,0.12,6.74,7.64,30.0,SHORT_CIRCUIT,7.19,Three-Phase Shunt Short,4.82,SHORT_CIRCUIT_0043
5558.5,4669.59,5073.03,5100.37,22.97,0.1743,681.53,564.89,613.63,620.02,9.06,0.19,4971.25,434.92,230.97,602.92,54.37,28.88,0.0875,0.0465,0.0902,0.0479,0.19,8.25,4.39,30.0,SHORT_CIRCUIT,4.31,Three-Phase Shunt Short,7.46,SHORT_CIRCUIT_0044
5996.28,4995.9,5399.33,5463.84,21.33,0.1831,516.37,423.61,454.84,464.94,7.35,0.2,5315.8,528.82,248.36,449.75,47.51,22.31,0.0995,0.0467,0.1056,0.0496,0.2,11.82,8.41,50.0,SHORT_CIRCUIT,8.41,Three-Phase Shunt Short,10.08,SHORT_CIRCUIT_0045
15900.74,15419.2,16584.14,15968.03,19.07,0.073,1097.77,897.15,1018.82,1004.58,56.35,0.2,16037.9,1449.88,377.06,939.82,154.55,41.14,0.0904,0.0235,0.1644,0.0438,0.2,17.06,31.22,50.0,SHORT_CIRCUIT,29.09,Three-Phase Shunt Short,5.53,SHORT_CIRCUIT_0046
6142.63,5290.79,5876.14,5769.85,20.31,0.1476,756.63,601.35,651.22,669.73,15.22,0.23,5707.52,665.36,193.62,629.33,106.88,31.59,0.1166,0.0339,0.1698,0.0502,0.23,9.07,13.17,30.0,SHORT_CIRCUIT,13.43,Three-Phase Shunt Short,4.45,SHORT_CIRCUIT_0047
6103.99,6392.04,6250.18,6248.74,3.89,0.0461,152.72,136.93,147.33,145.66,4.47,0.11,6334.13,295.45,95.97,135.96,16.28,5.63,0.0466,0.0152,0.1197,0.0414,0.11,46.59,100.0,100.0,SHORT_CIRCUIT,90.23,Three-Phase Shunt Short,5.78,SHORT_CIRCUIT_0048
6045.08,6201.08,6206.36,6150.84,4.81,0.0262,333.1,300.29,335.51,322.97,5.8,0.11,6211.85,311.76,89.6,302.62,43.87,12.61,0.0502,0.0144,0.145,0.0417,0.11,20.53,45.88,100.0,SHORT_CIRCUIT,40.53,Three-Phase Shunt Short,2.04,SHORT_CIRCUIT_0049
6136.83,5940.55,5837.44,5971.61,12.08,0.0501,396.9,360.9,377.16,378.32,8.83,0.1,5861.7,282.27,186.11,355.83,23.9,15.76,0.0482,0.0318,0.0672,0.0443,0.1,16.47,28.01,75.0,SHORT_CIRCUIT,22.97,Three-Phase Shunt Short,8.94,SHORT_CIRCUIT_0050
6364.85,5447.73,5792.79,5868.46,14.22,0.1563,381.16,313.03,320.0,338.06,18.35,0.2,5864.19,630.5,190.96,317.19,54.99,17.06,0.1075,0.0326,0.1734,0.0538,0.2,18.49,28.21,100.0,SHORT_CIRCUIT,29.49,Three-Phase Shunt Short,7.51,SHORT_CIRCUIT_0051
5663.6,5630.62,5672.78,5655.67,7.12,0.0075,289.16,257.75,282.2,276.37,3.02,0.11,5619.29,386.93,142.71,259.19,29.57,10.91,0.0689,0.0254,0.1141,0.0421,0.11,21.68,41.45,50.0,SHORT_CIRCUIT,34.68,Three-Phase Shunt Short,8.75,SHORT_CIRCUIT_0052
6129.67,5988.47,6338.11,6152.08,9.81,0.0568,317.09,263.12,298.13,292.78,9.6,0.18,6104.55,519.3,162.06,273.45,36.77,11.66,0.0851,0.0265,0.1345,0.0426,0.18,22.32,39.99,75.0,SHORT_CIRCUIT,35.05,Three-Phase Shunt Short,9.52,SHORT_CIRCUIT_0053
6210.1,6484.9,6441.83,6378.94,6.47,0.0431,327.12,288.69,316.08,310.63,19.38,0.12,6463.01,335.24,100.44,290.12,37.74,11.91,0.0519,0.0155,0.1301,0.0411,0.12,22.28,50.0,50.0,SHORT_CIRCUIT,42.81,Three-Phase Shunt Short,3.08,SHORT_CIRCUIT_0054
16663.72,15579.78,14820.23,15687.91,22.21,0.1175,1038.0,940.17,945.2,974.46,108.01,0.1,15461.79,1130.19,556.38,910.02,89.85,45.7,0.0731,0.036,0.0987,0.0502,0.1,16.99,26.01,50.0,SHORT_CIRCUIT,23.24,Three-Phase Shunt Short,9.27,SHORT_CIRCUIT_0055
6287.68,5137.58,5490.56,5638.61,22.62,0.204,666.61,546.62,565.94,593.06,29.71,0.2,5461.76,613.64,251.51,567.4,69.68,28.77,0.1124,0.046,0.1228,0.0507,0.2,9.63,8.24,30.0,SHORT_CIRCUIT,8.34,Three-Phase Shunt Short,7.7,SHORT_CIRCUIT_0056
6056.6,5706.78,5491.09,5751.49,9.42,0.0983,296.85,267.61,259.42,274.63,4.48,0.14,5767.73,324.83,151.36,256.62,27.43,12.78,0.0563,0.0262,0.1069,0.0498,0.14,22.48,42.87,50.0,SHORT_CIRCUIT,38.25,Three-Phase Shunt Short,7.06,SHORT_CIRCUIT_0057
16494.68,15804.13,15145.66,15814.82,20.51,0.0853,1035.26,951.48,953.8,980.18,70.46,0.09,15638.21,832.89,485.69,917.36,73.16,42.66,0.0533,0.0311,0.0798,0.0465,0.09,17.05,30.07,50.0,SHORT_CIRCUIT,25.0,Three-Phase Shunt Short,8.26,SHORT_CIRCUIT_0058
5249.65,4402.78,4533.44,4728.62,27.37,0.1791,1276.71,1078.67,1081.77,1145.72,20.25,0.17,4609.3,519.5,199.14,1083.29,146.98,57.18,0.1127,0.0432,0.1357,0.0528,0.17,4.25,4.85,30.0,SHORT_CIRCUIT,4.9,Three-Phase Shunt Short,2.87,SHORT_CIRCUIT_0059
5624.33,5663.72,5826.63,5704.89,11.44,0.0355,945.17,792.64,927.27,888.36,14.03,0.17,5763.2,327.97,85.11,834.53,143.06,37.12,0.0569,0.0148,0.1714,0.0445,0.17,6.91,14.26,50.0,SHORT_CIRCUIT,13.78,Three-Phase Shunt Short,0.57,SHORT_CIRCUIT_0060
